fid,ORGANISATI,SUB_BUILDI,BUILDING_N,BUILDING_1,PRIMARY_TH,ALT_THORFA,SECONDARY_,LOCALITY,TOWNLAND,TOWN,COUNTY,POSTCODE,BLPU,UNIQUE_BUI,UPRN,USRN,LOCAL_COUN,X_COR,Y_COR,TEMP_COORD,BUILDING_S,ADDRESS_ST,CLASSIFICA,CREATION_D,COMMENCEME,ARCHIVED_D,ACTION_,UDPRN,POSTTOWN,xlong,ylat
"1",,,,"8",CAPTAIN STREET UPPER,,,,WATERSIDE,COLERAINE,LONDONDERRY,BT51 3LZ,,"186116625","185537593","7859",COLERAINE,"284190","432472",N,BUILT,APPROVED,DO_TERRACE,,,,,,COLERAINE,647851.781440575,6111970.61250037
"2",LUGANO CAFE,,,"8",WATERSIDE STREET,,,,WATERSIDE,COLERAINE,LONDONDERRY,BT51 3DP,,"186117432","185770298","35792",COLERAINE,"284472","432417",N,BUILT,APPROVED,ND_RETAIL,,,,,,COLERAINE,648134.468307261,6111919.66903568
"3",,,,"2",CASTLE LANE,,,,WATERSIDE,COLERAINE,LONDONDERRY,BT51 3DR,,"186117349","185844537","7114",COLERAINE,"284420","432480",N,BUILT,APPROVED,,,,,,,COLERAINE,648081.584956167,6111981.90219778
"4",,,,"4",CAPTAIN STREET UPPER,,,,WATERSIDE,COLERAINE,LONDONDERRY,BT51 3LZ,,"186116648","185537575","7859",COLERAINE,"284195","432460",N,BUILT,APPROVED,DO_TERRACE,,,,,,COLERAINE,647856.951442773,6111958.68835593
"5",,,,"22",CASTLEROCK ROAD,,,,WATERSIDE,COLERAINE,LONDONDERRY,BT51 3HP,,"186116771","185536746","7204",COLERAINE,"284227","432604",N,BUILT,APPROVED,DO_SEMI,,,,,"3622839",COLERAINE,647886.878601621,6112103.09511307
"6",,,,"8",CARTHALL ROAD,,,,WATERSIDE,COLERAINE,LONDONDERRY,BT51 3LR,,"186116106","185537467","7526",COLERAINE,"284065","432653",N,BUILT,APPROVED,DO_TERRACE,,,,,"3623526",COLERAINE,647724.234905744,6112149.7585022
"7",,"2",,11B,WATERSIDE STREET,,,,WATERSIDE,COLERAINE,LONDONDERRY,BT51 3DP,,"187055804","185986606","35792",COLERAINE,"284472","432432",Y,UNDER CONSTRUCTION,PROVISIONAL,DO_APART,,,,,,COLERAINE,648134.253576879,6111934.66369409
"8",,FLAT 25,HAZLETT COURT,,CASTLEROCK ROAD,,,,WATERSIDE,COLERAINE,LONDONDERRY,BT51 3HL,,"186850610","185770252","7204",COLERAINE,"284405","432480",N,BUILT,APPROVED,DO_APART,,,,,"3622784",COLERAINE,648066.590298934,6111981.68746615
"9",,FLAT 10,HAZLETT COURT,,CASTLEROCK ROAD,,,,WATERSIDE,COLERAINE,LONDONDERRY,BT51 3HL,,"186850610","185770237","7204",COLERAINE,"284405","432480",N,BUILT,APPROVED,DO_APART,,,,,"3622769",COLERAINE,648066.590298934,6111981.68746615
"10",,FLAT 5,HAZLETT COURT,,CASTLEROCK ROAD,,,,WATERSIDE,COLERAINE,LONDONDERRY,BT51 3HL,,"186850610","185770232","7204",COLERAINE,"284405","432480",N,BUILT,APPROVED,DO_APART,,,,,"3622794",COLERAINE,648066.590298934,6111981.68746615
"11",,,,41A,CAPTAIN STREET LOWER,,,,WATERSIDE,COLERAINE,LONDONDERRY,BT51 3DT,,"186922031","185770184","7860",COLERAINE,"284216","432477",N,BUILT,APPROVED,DO_APART,,,,,"51099882",COLERAINE,647877.700594194,6111975.98291858
"12",,,,"34",CAPTAIN STREET LOWER,,,,WATERSIDE,COLERAINE,LONDONDERRY,BT51 3DT,,"186116918","185535802","7860",COLERAINE,"284264","432436",N,BUILT,APPROVED,DO_TERRACE,,,,,,COLERAINE,647926.270415537,6111935.68467272
"13",,,,"22",CAPTAIN STREET LOWER,,,,WATERSIDE,COLERAINE,LONDONDERRY,BT51 3DT,,"186117035","185535791","7860",COLERAINE,"284297","432433",N,BUILT,APPROVED,DO_TERRACE,,,,,,COLERAINE,647959.301600836,6111933.15814885
"14",,,,"14",OLD MODEL COURT,,,,WATERSIDE,COLERAINE,LONDONDERRY,BT51 3AR,,"186983065","185534969","610",COLERAINE,"284048","432705",N,BUILT,APPROVED,DO_APART,,,,,"3620938",COLERAINE,647706.496552863,6112201.4965826
"15",,,,"14",CASTLEROCK ROAD,,,,WATERSIDE,COLERAINE,LONDONDERRY,BT51 3HP,,"186116891","185536738","7204",COLERAINE,"284258","432572",N,BUILT,APPROVED,DO_SEMI,,,,,"3622831",COLERAINE,647918.325650527,6112071.55030387
"16",,,,"17",CAPTAIN STREET LOWER,,,,WATERSIDE,COLERAINE,LONDONDERRY,BT51 3DT,,"186117004","185535785","7860",COLERAINE,"284282","432462",N,BUILT,APPROVED,DO_TERRACE,,,,,"3621771",COLERAINE,647943.891800397,6111961.93308273
"17",,,,"17",CASTLEROCK ROAD,,,,WATERSIDE,COLERAINE,LONDONDERRY,BT51 3HP,,"186116353","185536741","7204",COLERAINE,"284123","432782",N,BUILT,APPROVED,DO_DETACHED,,,,,"3622834",COLERAINE,647780.36748045,6112279.54280132
"18",,,,"1",OLD MODEL COURT,,,,WATERSIDE,COLERAINE,LONDONDERRY,BT51 3AR,,"186116145","185534956","610",COLERAINE,"284076","432750",N,BUILT,APPROVED,DO_TERRACE,,,,,"3620933",COLERAINE,647733.842352773,6112246.88137047
"19",,,,"3",CAPTAIN STREET UPPER,,,,WATERSIDE,COLERAINE,LONDONDERRY,BT51 3LY,,"186116721","185537550","7859",COLERAINE,"284215","432495",N,BUILT,APPROVED,DO_TERRACE,,,,,"3623607",COLERAINE,647876.443272844,6111993.96218594
"20",,,,"10",CAPTAIN STREET LOWER,,,,WATERSIDE,COLERAINE,LONDONDERRY,BT51 3DT,,"186117253","185844517","7860",COLERAINE,"284377","432426",N,BUILT,APPROVED,,,,,,,COLERAINE,648039.373304436,6111927.30587167
"21",,,,"12",CASTLEROCK ROAD,,,,WATERSIDE,COLERAINE,LONDONDERRY,BT51 3HP,,"186116914","185536736","7204",COLERAINE,"284263","432566",N,BUILT,APPROVED,DO_SEMI,,,,,"3622829",COLERAINE,647923.409761796,6112065.62402039
"22",,,,"18",CASTLEROCK ROAD,,,,WATERSIDE,COLERAINE,LONDONDERRY,BT51 3HP,,"186116833","185536742","7204",COLERAINE,"284242","432588",N,BUILT,APPROVED,DO_SEMI,,,,,"3622835",COLERAINE,647902.102304297,6112087.31555106
"23",,,,"6",CASTLEROCK ROAD,,,,WATERSIDE,COLERAINE,LONDONDERRY,BT51 3HP,,"186117012","185536750","7204",COLERAINE,"284287","432541",N,BUILT,APPROVED,DO_DETACHED,,,,,"3622847",COLERAINE,647947.759096723,6112040.9765041
"24",WATERSIDE OFF LICENCE,,,"10",WATERSIDE STREET,,,,WATERSIDE,COLERAINE,LONDONDERRY,BT51 3DP,,"186117418","185535700","35792",COLERAINE,"284466","432418",N,BUILT,APPROVED,DO_TERRACE,,,,,"3621665",COLERAINE,648128.456128462,6111920.58278748
"25",,,,"13",LISLEA COURT,,,,WATERSIDE,COLERAINE,LONDONDERRY,BT51 3HN,,"186116892","185536717","14325",COLERAINE,"284258","432673",N,BUILT,APPROVED,DO_SEMI,,,,,"3622803",COLERAINE,647916.879769655,6112172.51430191
"26",,,,"70",CAPTAIN STREET UPPER,,,,WATERSIDE,COLERAINE,LONDONDERRY,BT51 3LZ,,"186116223","185537592","7859",COLERAINE,"284092","432650",N,BUILT,APPROVED,DO_TERRACE,,,,,"3623652",COLERAINE,647751.26822138,6112147.14609591
"27",,,,"12",OLD MODEL COURT,,,,WATERSIDE,COLERAINE,LONDONDERRY,BT51 3AR,,"186983061","185534967","610",COLERAINE,"284047","432730",N,BUILT,APPROVED,DO_APART,,,,,"3620936",COLERAINE,647705.139015011,6112226.47334704
"28",,,,"40",CAPTAIN STREET UPPER,,,,WATERSIDE,COLERAINE,LONDONDERRY,BT51 3LZ,,"186116427","185537576","7859",COLERAINE,"284140","432569",N,BUILT,APPROVED,DO_TERRACE,,,,,"3623636",COLERAINE,647800.410667153,6112066.86213653
"29",,,,7B,HAZELBANK ROAD,,,,WATERSIDE,COLERAINE,LONDONDERRY,BT51 3DU,,"187263621","187263622","14836",COLERAINE,"284119","432428",N,BUILT,APPROVED,DO_TERRACE,20-Jun-07,29-Apr-10,,,"50620669",COLERAINE,647781.436634635,6111925.61179925
"30",,,,"11",CAPTAIN STREET UPPER,,,,WATERSIDE,COLERAINE,LONDONDERRY,BT51 3LY,,"186116663","185537540","7859",COLERAINE,"284197","432527",N,BUILT,APPROVED,DO_SEMI,,,,,"3623597",COLERAINE,647857.991594842,6112025.69309849
"31",FAMILY SUPPORT OFFICE,,,7F,CASTLEROCK ROAD,,,,WATERSIDE,COLERAINE,LONDONDERRY,BT51 3HP,,"186117018","185844495","7204",COLERAINE,"284289","432655",N,BUILT,APPROVED,ND_OTHER,,,,,"28252819",COLERAINE,647948.126403706,6112154.96450501
"32",,FLAT 8,BREEZEMOUNT HOUSE,"26",CASTLEROCK ROAD,,,,WATERSIDE,COLERAINE,LONDONDERRY,BT51 3HP,,"186116336","185536865","7204",COLERAINE,"284120","432689",N,BUILT,APPROVED,DO_APART,,,,,,COLERAINE,647778.699921553,6112186.53302479
"33",,FLAT 6,BREEZEMOUNT HOUSE,"26",CASTLEROCK ROAD,,,,WATERSIDE,COLERAINE,LONDONDERRY,BT51 3HP,,"186116336","185536864","7204",COLERAINE,"284120","432689",N,BUILT,APPROVED,DO_APART,,,,,,COLERAINE,647778.699921553,6112186.53302479
"34",,FLAT 3,BREEZEMOUNT HOUSE,"26",CASTLEROCK ROAD,,,,WATERSIDE,COLERAINE,LONDONDERRY,BT51 3HP,,"186116336","185536863","7204",COLERAINE,"284120","432689",N,BUILT,APPROVED,DO_APART,,,,,,COLERAINE,647778.699921553,6112186.53302479
"35",,,,11A,WATERSIDE,,,,WATERSIDE,COLERAINE,LONDONDERRY,BT51 3DP,,"187068474","186000292","15475",COLERAINE,"284472","432432",Y,NONE,REJECTED,,,,,,,COLERAINE,648134.253576879,6111934.66369409
"36",,,,"36",CAPTAIN STREET UPPER,,,,WATERSIDE,COLERAINE,LONDONDERRY,BT51 3LZ,,"186116444","185537574","7859",COLERAINE,"284144","432560",N,BUILT,APPROVED,DO_TERRACE,,,,,"3623633",COLERAINE,647804.538080676,6112057.92260843
"37",,,,"15",OLD MODEL COURT,,,,WATERSIDE,COLERAINE,LONDONDERRY,BT51 3AR,,"186983066","185534970","610",COLERAINE,"284059","432707",N,BUILT,APPROVED,DO_APART,,,,,"3620939",COLERAINE,647717.463996943,6112203.65334249
"38",,,,3A,WATERSIDE STREET,,,,WATERSIDE,COLERAINE,LONDONDERRY,BT51 3DP,,"187048229","185978642","35792",COLERAINE,"284487","432442",N,BUILT,APPROVED,ND_RETAIL,,,,,"3621679",COLERAINE,648149.105081942,6111944.87486384
"39",,,,10F,CAPTAIN STREET LOWER,,,,WATERSIDE,COLERAINE,LONDONDERRY,BT51 3DT,,"186922024","185770176","7860",COLERAINE,"284292","432445",Y,UNDER CONSTRUCTION,PROVISIONAL,ND_RETAIL,,,,,,COLERAINE,647954.131598246,6111945.0822954
"40",,,,"13",CAPTAIN STREET UPPER,,,,WATERSIDE,COLERAINE,LONDONDERRY,BT51 3LY,,"186116642","185537541","7859",COLERAINE,"284194","432534",N,BUILT,APPROVED,DO_SEMI,,,,,"3623598",COLERAINE,647854.892455897,6112032.64765616
"41",,,,"1",HAZELBANK ROAD,,,,WATERSIDE,COLERAINE,LONDONDERRY,BT51 3DU,,"186116439","185535827","14836",COLERAINE,"284143","432423",N,BUILT,APPROVED,DO_TERRACE,,,,,"3621803",COLERAINE,647805.499652423,6111920.9571505
"42",,,,"29",CAPTAIN STREET UPPER,,,,WATERSIDE,COLERAINE,LONDONDERRY,BT51 3LY,,"186116550","185537549","7859",COLERAINE,"284171","432590",N,BUILT,APPROVED,DO_SEMI,,,,,"3623606",COLERAINE,647831.098985631,6112088.2984306
"43",ADRIAN CULBERTSON,"9",,"101",CAPTAIN STREET LOWER,,,,WATERSIDE,COLERAINE,LONDONDERRY,BT51 3DT,,"186922027","185770179","7860",COLERAINE,"284292","432445",Y,UNDER CONSTRUCTION,PROVISIONAL,ND_COMM_OTHER,,,,,,COLERAINE,647954.131598246,6111945.0822954
"44",,,,"10",HAZELBANK ROAD,,,,WATERSIDE,COLERAINE,LONDONDERRY,BT51 3DU,,"186116620","185535828","14836",COLERAINE,"284189","432403",N,BUILT,APPROVED,DO_TERRACE,,,,,"3621804",COLERAINE,647851.76955681,6111901.62278684
"45",,,,10J,CAPTAIN STREET LOWER,,,,WATERSIDE,COLERAINE,LONDONDERRY,BT51 3DT,,"186922028","185770180","7860",COLERAINE,"284292","432445",Y,UNDER CONSTRUCTION,PROVISIONAL,ND_COMM_OTHER,,,,,,COLERAINE,647954.131598246,6111945.0822954
"46",,,,"18",OLD MODEL COURT,,,,WATERSIDE,COLERAINE,LONDONDERRY,BT51 3AR,,"186983070","185534972","610",COLERAINE,"284069","432707",N,BUILT,APPROVED,DO_APART,,,,,"3620941",COLERAINE,647727.460429485,6112203.7965002
"47",,,,"11",LISLEA COURT,,,,WATERSIDE,COLERAINE,LONDONDERRY,BT51 3HN,,"186983117","185536716","14325",COLERAINE,"284255","432657",N,BUILT,APPROVED,DO_APART,,,,,"3622801",COLERAINE,647914.109890477,6112156.47705812
"48",,,,10G,CAPTAIN STREET LOWER,,,,WATERSIDE,COLERAINE,LONDONDERRY,BT51 3DT,,"186922025","185770177","7860",COLERAINE,"284292","432445",Y,UNDER CONSTRUCTION,PROVISIONAL,ND_RETAIL,,,,,,COLERAINE,647954.131598246,6111945.0822954
"49",,,,"19",CAPTAIN STREET UPPER,,,,WATERSIDE,COLERAINE,LONDONDERRY,BT51 3LY,,"186116590","185537544","7859",COLERAINE,"284182","432554",N,BUILT,APPROVED,DO_TERRACE,,,,,"3623601",COLERAINE,647842.610423891,6112052.46873868
"50",,,,"9",CARTHALL TERRACE,,CARTHALL ROAD,,WATERSIDE,COLERAINE,LONDONDERRY,BT51 3EL,,"186116004","185536110","38160",COLERAINE,"284040","432688",N,BUILT,APPROVED,DO_TERRACE,,,,,"3622086",COLERAINE,647698.742774855,6112184.38812209
"51",,,,"30",CAPTAIN STREET UPPER,,,,WATERSIDE,COLERAINE,LONDONDERRY,BT51 3LZ,,"186116472","185537571","7859",COLERAINE,"284152","432546",N,BUILT,APPROVED,DO_TERRACE,,,,,"3623630",COLERAINE,647812.735645346,6112044.04212543
"52",,,,"28",CAPTAIN STREET UPPER,,,,WATERSIDE,COLERAINE,LONDONDERRY,BT51 3LZ,,"186116479","185537570","7859",COLERAINE,"284154","432541",N,BUILT,APPROVED,DO_TERRACE,,,,,"3623629",COLERAINE,647814.806509761,6112039.07253954
"53",,,,"1",CAPTAIN STREET UPPER,,,,WATERSIDE,COLERAINE,LONDONDERRY,BT51 3LY,,"186116730","185537539","7859",COLERAINE,"284217","432490",N,BUILT,APPROVED,DO_TERRACE,,,,,"3623596",COLERAINE,647878.514137088,6111988.99259939
"54",,,,"39",CAPTAIN STREET LOWER,,,,WATERSIDE,COLERAINE,LONDONDERRY,BT51 3DT,,"186116745","185535807","7860",COLERAINE,"284222","432468",N,BUILT,APPROVED,DO_TERRACE,,,,,"3621793",COLERAINE,647883.827294011,6111967.07201962
"55",,,,"12",RIVERVIEW AVENUE,,,,WATERSIDE,COLERAINE,LONDONDERRY,BT51 3JA,,"186116873","185536939","11042",COLERAINE,"284253","432775",N,BUILT,APPROVED,DO_DETACHED,,,,,"3623000",COLERAINE,647910.421339215,6112274.40636327
"56",,,,24B,CASTLEROCK ROAD,,,,WATERSIDE,COLERAINE,LONDONDERRY,BT51 3HP,,"186116643","185536755","7204",COLERAINE,"284194","432638",N,BUILT,APPROVED,DO_DETACHED,,,,,"3622842",COLERAINE,647853.403634495,6112136.61057472
"57",,,,"28",CAPTAIN STREET LOWER,,,,WATERSIDE,COLERAINE,LONDONDERRY,BT51 3DT,,"186116999","185535796","7860",COLERAINE,"284281","432436",N,BUILT,APPROVED,DO_TERRACE,,,,,,COLERAINE,647943.264356738,6111935.92803389
"58",,,,"18",CAPTAIN STREET LOWER,,,,WATERSIDE,COLERAINE,LONDONDERRY,BT51 3DT,,"186117085","185535786","7860",COLERAINE,"284308","432433",N,BUILT,APPROVED,DO_TERRACE,,,,,"3621676",COLERAINE,647970.297680954,6111933.31561782
"59",,,,"16",CAPTAIN STREET LOWER,,,,WATERSIDE,COLERAINE,LONDONDERRY,BT51 3DT,,"186117097","185535784","7860",COLERAINE,"284314","432433",N,BUILT,APPROVED,DO_TERRACE,,,,,"3621770",COLERAINE,647976.295542917,6111933.40150998
"60",COLERAINE CARS LTD,,,"8",CASTLE LANE,,,,WATERSIDE,COLERAINE,LONDONDERRY,BT51 3DR,,"186117375","185535765","7114",COLERAINE,"284441","432565",N,BUILT,APPROVED,ND_COMM_OTHER,,,,,,COLERAINE,648101.36065857,6112067.17254835
"61",,,,"13",RIVERVIEW AVENUE,,,,WATERSIDE,COLERAINE,LONDONDERRY,BT51 3JA,,"186116864","185536940","11042",COLERAINE,"284250","432793",N,BUILT,APPROVED,DO_DETACHED,,,,,"3623001",COLERAINE,647907.164722318,6112292.35699897
"62",SWEENEY TODDS CAFE,,,"2",WATERSIDE STREET,,,,WATERSIDE,COLERAINE,LONDONDERRY,BT51 3DP,,"186117462","185535680","35792",COLERAINE,"284491","432414",N,BUILT,APPROVED,DO_APART,,,,,"3621663",COLERAINE,648153.504487931,6111916.94209553
"63",,,,1D,WATERSIDE STREET,,,,WATERSIDE,COLERAINE,LONDONDERRY,BT51 3DP,,"186922109","185770281","35792",COLERAINE,"284472","432432",Y,UNDER CONSTRUCTION,PROVISIONAL,ND_RETAIL,,,,,,COLERAINE,648134.253576879,6111934.66369409
"64",,,,"29",CAPTAIN STREET LOWER,,,,WATERSIDE,COLERAINE,LONDONDERRY,BT51 3DT,,"186116857","185535797","7860",COLERAINE,"284248","432465",N,BUILT,APPROVED,DO_TERRACE,,,,,"3621783",COLERAINE,647909.86097225,6111964.44528966
"65",,,,"41",CAPTAIN STREET UPPER,,,,WATERSIDE,COLERAINE,LONDONDERRY,BT51 3LY,,"186116284","185537558","7859",COLERAINE,"284108","432707",N,BUILT,APPROVED,DO_APART,,,,,"3623613",COLERAINE,647766.446517888,6112204.35481533
"66",,,,"16",OLD MODEL COURT,,,,WATERSIDE,COLERAINE,LONDONDERRY,BT51 3AR,,"186983067","185534971","610",COLERAINE,"284059","432707",N,BUILT,APPROVED,DO_APART,,,,,"3620940",COLERAINE,647717.463996943,6112203.65334249
"67",,WARDENS OFFICE,HAZLETT COURT,,CASTLEROCK ROAD,,,,WATERSIDE,COLERAINE,LONDONDERRY,BT51 3GZ,,"186850610","185536760","7204",COLERAINE,"284405","432480",N,BUILT,APPROVED,ND_HEALTH,,,,,,COLERAINE,648066.590298934,6111981.68746615
"68",,FLAT 24,HAZLETT COURT,,CASTLEROCK ROAD,,,,WATERSIDE,COLERAINE,LONDONDERRY,BT51 3HL,,"186850610","185770251","7204",COLERAINE,"284405","432480",N,BUILT,APPROVED,DO_APART,,,,,"3622783",COLERAINE,648066.590298934,6111981.68746615
"69",,FLAT 21,HAZLETT COURT,,CASTLEROCK ROAD,,,,WATERSIDE,COLERAINE,LONDONDERRY,BT51 3HL,,"186850610","185770248","7204",COLERAINE,"284405","432480",N,BUILT,APPROVED,DO_APART,,,,,"3622780",COLERAINE,648066.590298934,6111981.68746615
"70",,FLAT 7,HAZLETT COURT,,CASTLEROCK ROAD,,,,WATERSIDE,COLERAINE,LONDONDERRY,BT51 3HL,,"186850610","185770234","7204",COLERAINE,"284405","432480",N,BUILT,APPROVED,DO_APART,,,,,"3622796",COLERAINE,648066.590298934,6111981.68746615
"71",,FLAT 32,HAZLETT COURT,,CASTLEROCK ROAD,,,,WATERSIDE,COLERAINE,LONDONDERRY,BT51 3HL,,"186850610","185536710","7204",COLERAINE,"284405","432480",N,BUILT,APPROVED,DO_APART,,,,,"3622792",COLERAINE,648066.590298934,6111981.68746615
"72",,,,10K,CAPTAIN STREET LOWER,,,,WATERSIDE,COLERAINE,LONDONDERRY,BT51 3DT,,"186922029","185770181","7860",COLERAINE,"284292","432445",Y,UNDER CONSTRUCTION,PROVISIONAL,ND_COMM_OTHER,,,,,,COLERAINE,647954.131598246,6111945.0822954
"73",,,,"2",CARTHALL TERRACE,,CARTHALL ROAD,,WATERSIDE,COLERAINE,LONDONDERRY,BT51 3EL,,"186116144","185536103","38160",COLERAINE,"284076","432689",N,BUILT,APPROVED,DO_TERRACE,,,,,"3622079",COLERAINE,647734.715615975,6112185.90313201
"74",,,,"5",OLD MODEL COURT,,,,WATERSIDE,COLERAINE,LONDONDERRY,BT51 3AR,,"186983058","185534960","610",COLERAINE,"284046","432761",N,BUILT,APPROVED,DO_APART,,,,,"3620948",COLERAINE,647703.695581099,6112257.44797058
"75",,,DEPOT,,CASTLEROCK ROAD,,,,WATERSIDE,COLERAINE,LONDONDERRY,BT51 3HP,,"186117045","185844499","7204",COLERAINE,"284303","432794",N,BUILT,APPROVED,,,,,,,COLERAINE,647960.131516121,6112294.11538638
"76",,,,2C,WATERSIDE STREET,,,,WATERSIDE,COLERAINE,LONDONDERRY,BT51 3DP,,"186922115","185770287","35792",COLERAINE,"284491","432414",N,BUILT,APPROVED,DO_APART,,,,,,COLERAINE,648153.504487931,6111916.94209553
"77",,,,"24",CAPTAIN STREET UPPER,,,,WATERSIDE,COLERAINE,LONDONDERRY,BT51 3LZ,,"186116496","185537568","7859",COLERAINE,"284157","432531",N,BUILT,APPROVED,DO_TERRACE,,,,,"3623627",COLERAINE,647817.948595085,6112029.11905215
"78",,,,"6",CARTHALL TERRACE,,CARTHALL ROAD,,WATERSIDE,COLERAINE,LONDONDERRY,BT51 3EL,,"186116079","185536107","38160",COLERAINE,"284055","432689",N,BUILT,APPROVED,DO_TERRACE,,,,,"3622083",COLERAINE,647713.723107562,6112185.60250141
"79",,,,"5",CARTHALL TERRACE,,CARTHALL ROAD,,WATERSIDE,COLERAINE,LONDONDERRY,BT51 3EL,,"186116092","185536106","38160",COLERAINE,"284060","432690",N,BUILT,APPROVED,DO_TERRACE,,,,,"3622082",COLERAINE,647718.707008046,6112186.67372335
"80",,,,"25",CAPTAIN STREET UPPER,,,,WATERSIDE,COLERAINE,LONDONDERRY,BT51 3LY,,"186116561","185537547","7859",COLERAINE,"284174","432573",N,BUILT,APPROVED,DO_TERRACE,,,,,"3623604",COLERAINE,647834.34128082,6112071.34743931
"81",,,,"54",CAPTAIN STREET UPPER,,,,WATERSIDE,COLERAINE,LONDONDERRY,BT51 3LZ,,"186116343","185537583","7859",COLERAINE,"284121","432606",N,BUILT,APPROVED,DO_TERRACE,,,,,"3623643",COLERAINE,647780.887766425,6112103.57694423
"82",,,,"8",RIVERVIEW AVENUE,,,,WATERSIDE,COLERAINE,LONDONDERRY,BT51 3JA,,"186116665","185536959","11042",COLERAINE,"284198","432785",N,BUILT,APPROVED,DO_DETACHED,,,,,"3623020",COLERAINE,647855.297787701,6112283.61542377
"83",,,,"1",CARTHALL TERRACE,,CARTHALL ROAD,,WATERSIDE,COLERAINE,LONDONDERRY,BT51 3EL,,"186116168","185536102","38160",COLERAINE,"284081","432689",N,BUILT,APPROVED,DO_TERRACE,,,,,"3622078",COLERAINE,647739.713832366,6112185.97471073
"84",,,,"17",LISLEA COURT,,,,WATERSIDE,COLERAINE,LONDONDERRY,BT51 3HN,,"186116915","185536719","14325",COLERAINE,"284263","432691",N,BUILT,APPROVED,DO_SEMI,,,,,"3622807",COLERAINE,647921.620304054,6112190.57946444
"85",DIGITAL PAGE,,,,CASTLE LANE,,,,WATERSIDE,COLERAINE,LONDONDERRY,BT51 3DR,,"186117426","185844549","7114",COLERAINE,"284469","432468",N,BUILT,APPROVED,ND_OTHER,,,,,,COLERAINE,648130.739290808,6111970.60792793
"86",,,,"9",CAPTAIN STREET LOWER,,,,WATERSIDE,COLERAINE,LONDONDERRY,BT51 3DT,,"186117040","185535818","7860",COLERAINE,"284302","432460",N,BUILT,APPROVED,DO_TERRACE,,,,,"3621802",COLERAINE,647963.913303775,6111960.22010358
"87",,,,"11",OLD MODEL COURT,,,,WATERSIDE,COLERAINE,LONDONDERRY,BT51 3AR,,"186983060","185534966","610",COLERAINE,"284047","432730",N,BUILT,APPROVED,DO_APART,,,,,"3620935",COLERAINE,647705.139015011,6112226.47334704
"88",,,,8B,WATERSIDE STREET,,,,WATERSIDE,COLERAINE,LONDONDERRY,BT51 3DP,,"186922127","185770300","35792",COLERAINE,"284472","432417",N,BUILT,APPROVED,DO_APART,,,,,"3621656",COLERAINE,648134.468307261,6111919.66903568
"89",,,,"35",CAPTAIN STREET LOWER,,,,WATERSIDE,COLERAINE,LONDONDERRY,BT51 3DT,,"186116794","185535803","7860",COLERAINE,"284233","432467",N,BUILT,APPROVED,DO_TERRACE,,,,,"3621789",COLERAINE,647894.83768822,6111966.2298456
"90",,FLAT 12,BREEZEMOUNT HOUSE,"26",CASTLEROCK ROAD,,,,WATERSIDE,COLERAINE,LONDONDERRY,BT51 3HP,,"186116336","185536867","7204",COLERAINE,"284120","432689",N,BUILT,APPROVED,DO_APART,,,,,,COLERAINE,647778.699921553,6112186.53302479
"91",,FLAT 16,BREEZEMOUNT HOUSE,"26",CASTLEROCK ROAD,,,,WATERSIDE,COLERAINE,LONDONDERRY,BT51 3HP,,"186116336","185978744","7204",COLERAINE,"284120","432689",N,BUILT,APPROVED,DO_OTHER,,,,,"50985670",COLERAINE,647778.699921553,6112186.53302479
"92",,FLAT 13,BREEZEMOUNT HOUSE,"26",CASTLEROCK ROAD,,,,WATERSIDE,COLERAINE,LONDONDERRY,BT51 3HP,,"186116336","185978742","7204",COLERAINE,"284120","432689",N,BUILT,APPROVED,DO_OTHER,,,,,"50985670",COLERAINE,647778.699921553,6112186.53302479
"93",,FLAT 5,BREEZEMOUNT HOUSE,"26",CASTLEROCK ROAD,,,,WATERSIDE,COLERAINE,LONDONDERRY,BT51 3HP,,"186116336","185536862","7204",COLERAINE,"284120","432689",N,BUILT,APPROVED,DO_APART,,,,,,COLERAINE,647778.699921553,6112186.53302479
"94",,FLAT 4,BREEZEMOUNT HOUSE,"26",CASTLEROCK ROAD,,,,WATERSIDE,COLERAINE,LONDONDERRY,BT51 3HP,,"186116336","185536861","7204",COLERAINE,"284120","432689",N,BUILT,APPROVED,DO_APART,,,,,"3622922",COLERAINE,647778.699921553,6112186.53302479
"95",,,,24C,CASTLEROCK ROAD,,,,WATERSIDE,COLERAINE,LONDONDERRY,BT51 3HP,,"186116591","185536756","7204",COLERAINE,"284182","432648",N,BUILT,APPROVED,DO_DETACHED,,,,,"3622843",COLERAINE,647841.264756274,6112146.4352209
"96",WOMANS AID,,,"13",CASTLEROCK ROAD,,,,WATERSIDE,COLERAINE,LONDONDERRY,BT51 3HP,,"186116470","185536737","7204",COLERAINE,"284151","432756",N,BUILT,APPROVED,ND_HEALTH,,,,,,COLERAINE,647808.729707304,6112253.95291879
"97",,APARTMENT 3,,1-3,CAPTAIN STREET LOWER,,,,WATERSIDE,COLERAINE,LONDONDERRY,BT51 3DT,,"187380586","187380600","7860",COLERAINE,"284328","432458",Y,UNDER CONSTRUCTION,PROVISIONAL,,04-Feb-11,04-Feb-11,,,,COLERAINE,647989.93266986,6111958.59301674
"98",DEIRDRES HAIR SALON,,,"6",WATERSIDE STREET,,,,WATERSIDE,COLERAINE,LONDONDERRY,BT51 3DP,,"186117446","185535684","35792",COLERAINE,"284479","432415",N,BUILT,APPROVED,DO_APART,,,,,"3621651",COLERAINE,648141.494445383,6111917.76995531
"99",,,,"16",CASTLEROCK ROAD,,,,WATERSIDE,COLERAINE,LONDONDERRY,BT51 3HP,,"186116858","185536740","7204",COLERAINE,"284248","432582",N,BUILT,APPROVED,DO_SEMI,,,,,"3622833",COLERAINE,647908.186059128,6112081.40358345
"100",,,,"27",LISLEA COURT,,,,WATERSIDE,COLERAINE,LONDONDERRY,BT51 3HN,,"186116872","185536724","14325",COLERAINE,"284253","432731",N,BUILT,APPROVED,DO_SEMI,,,,,"3622813",COLERAINE,647911.051236866,6112230.42204806
"101",,,,"4",HAZELBANK TERRACE,,,,WATERSIDE,COLERAINE,LONDONDERRY,BT51 3DW,,"186116497","185535848","14835",COLERAINE,"284158","432426",N,BUILT,APPROVED,DO_TERRACE,,,,,"3621824",COLERAINE,647820.451357573,6111924.17081071
"102",FAVOURITE CHICKEN RIBS,,,"17",WATERSIDE STREET,,,,WATERSIDE,COLERAINE,LONDONDERRY,BT51 3DP,,"186117396","185535677","35792",COLERAINE,"284450","432449",N,BUILT,APPROVED,ND_OTHER,,,,,,COLERAINE,648112.018049696,6111951.34270154
"103",,,,2D,WATERSIDE STREET,,,,WATERSIDE,COLERAINE,LONDONDERRY,BT51 3DP,,"186922116","185770288","35792",COLERAINE,"284491","432414",N,BUILT,APPROVED,DO_APART,,,,,,COLERAINE,648153.504487931,6111916.94209553
"104",WATERSIDE DENTAL SURGERY,,,"7",WATERSIDE STREET,,,,WATERSIDE,COLERAINE,LONDONDERRY,BT51 3DP,,"186117441","185770297","35792",COLERAINE,"284477","432446",N,BUILT,APPROVED,ND_OFFICE,,,,,"3621666",COLERAINE,648139.051381114,6111948.73028556
"105",,,,"36",CAPTAIN STREET LOWER,,,,WATERSIDE,COLERAINE,LONDONDERRY,BT51 3DT,,"186116895","185535804","7860",COLERAINE,"284259","432436",N,BUILT,APPROVED,DO_TERRACE,,,,,,COLERAINE,647921.272197623,6111935.61309591
"106",,,,"4",HAZELBANK ROAD,,,,WATERSIDE,COLERAINE,LONDONDERRY,BT51 3DU,,"186116693","185535840","14836",COLERAINE,"284206","432418",N,BUILT,APPROVED,DO_TERRACE,,,,,"3621816",COLERAINE,647868.548766304,6111916.86079923
"107",,,,"5",CAPTAIN STREET UPPER,,,,WATERSIDE,COLERAINE,LONDONDERRY,BT51 3LY,,"186116712","185537555","7859",COLERAINE,"284212","432500",N,BUILT,APPROVED,DO_TERRACE,,,,,"3623614",COLERAINE,647873.372765066,6111998.917457
"108",,,,10A,CAPTAIN STREET LOWER,,,,WATERSIDE,COLERAINE,LONDONDERRY,BT51 3DT,,"186922020","185770172","7860",COLERAINE,"284292","432445",Y,UNDER CONSTRUCTION,PROVISIONAL,ND_COMM_OTHER,,,,,,COLERAINE,647954.131598246,6111945.0822954
"109",,,,"68",CAPTAIN STREET UPPER,,,,WATERSIDE,COLERAINE,LONDONDERRY,BT51 3LZ,,"186116242","185537591","7859",COLERAINE,"284098","432647",N,BUILT,APPROVED,DO_TERRACE,,,,,"3623651",COLERAINE,647757.309028264,6112144.23306014
"110",,,,"13",CAPTAIN STREET LOWER,,,,WATERSIDE,COLERAINE,LONDONDERRY,BT51 3DT,,"186117024","185535781","7860",COLERAINE,"284292","432461",N,BUILT,APPROVED,DO_TERRACE,,,,,"3621767",COLERAINE,647953.902552008,6111961.07659317
"111",,,,"27",CAPTAIN STREET UPPER,,,,WATERSIDE,COLERAINE,LONDONDERRY,BT51 3LY,,"186116553","185537548","7859",COLERAINE,"284172","432582",N,BUILT,APPROVED,DO_SEMI,,,,,"3623605",COLERAINE,647832.213153772,6112080.31559889
"112",,,,"1",STRAND ROAD,,,,WATERSIDE,COLERAINE,LONDONDERRY,BT51 3AA,,"186850454","185535819","10153",COLERAINE,"284491","432402",N,BUILT,APPROVED,DO_TERRACE,,,,,,COLERAINE,648153.676271944,6111904.94636844
"113",,FLAT 22,HAZLETT COURT,,CASTLEROCK ROAD,,,,WATERSIDE,COLERAINE,LONDONDERRY,BT51 3HL,,"186850610","185770249","7204",COLERAINE,"284405","432480",N,BUILT,APPROVED,DO_APART,,,,,"3622781",COLERAINE,648066.590298934,6111981.68746615
"114",,FLAT 15,HAZLETT COURT,,CASTLEROCK ROAD,,,,WATERSIDE,COLERAINE,LONDONDERRY,BT51 3HL,,"186850610","185770242","7204",COLERAINE,"284405","432480",N,BUILT,APPROVED,DO_APART,,,,,"3622773",COLERAINE,648066.590298934,6111981.68746615
"115",,FLAT 12,HAZLETT COURT,,CASTLEROCK ROAD,,,,WATERSIDE,COLERAINE,LONDONDERRY,BT51 3HL,,"186850610","185770239","7204",COLERAINE,"284405","432480",N,BUILT,APPROVED,DO_APART,,,,,"3622771",COLERAINE,648066.590298934,6111981.68746615
"116",,FLAT 9,HAZLETT COURT,,CASTLEROCK ROAD,,,,WATERSIDE,COLERAINE,LONDONDERRY,BT51 3HL,,"186850610","185770236","7204",COLERAINE,"284405","432480",N,BUILT,APPROVED,DO_APART,,,,,"3622798",COLERAINE,648066.590298934,6111981.68746615
"117",,FLAT 13,HAZLETT COURT,,CASTLEROCK ROAD,,,,WATERSIDE,COLERAINE,LONDONDERRY,BT51 3HL,,"186850610","185536772","7204",COLERAINE,"284405","432480",N,BUILT,APPROVED,DO_APART,,,,,,COLERAINE,648066.590298934,6111981.68746615
"118",,FLAT 31,HAZLETT COURT,,CASTLEROCK ROAD,,,,WATERSIDE,COLERAINE,LONDONDERRY,BT51 3HL,,"186850610","185536709","7204",COLERAINE,"284405","432480",N,BUILT,APPROVED,DO_APART,,,,,"3622791",COLERAINE,648066.590298934,6111981.68746615
"119",,,,"10",CAPTAIN STREET LOWER,,,,WATERSIDE,COLERAINE,LONDONDERRY,BT51 3DT,,"186117219","185844513","7860",COLERAINE,"284365","432428",N,BUILT,APPROVED,ND_RETAIL,,,,,,COLERAINE,648027.34894867,6111929.13337487
"120",,,,"6",CAPTAIN STREET UPPER,,,,WATERSIDE,COLERAINE,LONDONDERRY,BT51 3LZ,,"186116627","185537586","7859",COLERAINE,"284191","432466",N,BUILT,APPROVED,DO_TERRACE,,,,,,COLERAINE,647852.866976489,6111964.62895507
"121",CAPTAINS BAR,,,"8",CAPTAIN STREET LOWER,,,,WATERSIDE,COLERAINE,LONDONDERRY,BT51 3DT,,"186117268","185535817","7860",COLERAINE,"284388","432412",N,BUILT,APPROVED,ND_HOSPITALITY,,,,,"3621757",COLERAINE,648050.56980075,6111913.46832789
"122",HEATHER BURNS PHARMACY,,,"16",WATERSIDE STREET,,,,WATERSIDE,COLERAINE,LONDONDERRY,BT51 3DP,,"186117393","185770313","35792",COLERAINE,"284447","432420",N,BUILT,APPROVED,ND_OFFICE,,,,,,COLERAINE,648109.434263877,6111922.31008357
"123",EASTWOOD BOOKMAKERS,,,"20",WATERSIDE STREET,,,,WATERSIDE,COLERAINE,LONDONDERRY,BT51 3DP,,"186117367","185535689","35792",COLERAINE,"284434","432420",N,BUILT,APPROVED,ND_RETAIL,,,,,"3621652",COLERAINE,648096.438893648,6111922.12398402
"124",,,,10L,CAPTAIN STREET LOWER,,,,WATERSIDE,COLERAINE,LONDONDERRY,BT51 3DT,,"186922030","185770182","7860",COLERAINE,"284292","432445",Y,UNDER CONSTRUCTION,PROVISIONAL,DO_APART,,,,,,COLERAINE,647954.131598246,6111945.0822954
"125",,,,"21",LISLEA COURT,,,,WATERSIDE,COLERAINE,LONDONDERRY,BT51 3HN,,"186116909","185536721","14325",COLERAINE,"284262","432709",N,BUILT,APPROVED,DO_SEMI,,,,,"3622810",COLERAINE,647920.362976564,6112208.5587325
"126",,,,"4",OLD MODEL COURT,,,,WATERSIDE,COLERAINE,LONDONDERRY,BT51 3AR,,"186116152","185534959","610",COLERAINE,"284077","432732",N,BUILT,APPROVED,DO_TERRACE,,,,,"3620947",COLERAINE,647735.099680873,6112228.90210774
"127",,,,"7",CAPTAIN STREET UPPER,,,,WATERSIDE,COLERAINE,LONDONDERRY,BT51 3LY,,"186116694","185537556","7859",COLERAINE,"284206","432509",N,BUILT,APPROVED,DO_SEMI,,,,,"3623615",COLERAINE,647867.246064914,6112007.8283555
"128",,,,"2",HAZELBANK ROAD,,,,WATERSIDE,COLERAINE,LONDONDERRY,BT51 3DU,,"186116705","185535833","14836",COLERAINE,"284210","432423",N,BUILT,APPROVED,DO_TERRACE,,,,,"3621809",COLERAINE,647872.475763642,6111921.91627797
"129",,,,"24",CASTLEROCK ROAD,,,,WATERSIDE,COLERAINE,LONDONDERRY,BT51 3HP,,"186116724","185536747","7204",COLERAINE,"284216","432616",N,BUILT,APPROVED,DO_DETACHED,,,,,"3622840",COLERAINE,647875.71073548,6112114.933363
"130",,,,"12",CAPTAIN STREET LOWER,,,,WATERSIDE,COLERAINE,LONDONDERRY,BT51 3DT,,"186117120","185535780","7860",COLERAINE,"284328","432432",N,BUILT,APPROVED,DO_TERRACE,,,,,"3621766",COLERAINE,647990.304869742,6111932.60228138
"131",,,PUMPING STATION,,CASTLE LANE,,,,WATERSIDE,COLERAINE,LONDONDERRY,BT51 3DR,,"186117420","185844546","7114",COLERAINE,"284467","432558",N,BUILT,APPROVED,,,,,,,COLERAINE,648127.451608302,6112060.54724625
"132",PIZZA POMODORO,,,"4",WATERSIDE STREET,,,,WATERSIDE,COLERAINE,LONDONDERRY,BT51 3DP,,"186117456","185535682","35792",COLERAINE,"284485","432414",N,BUILT,APPROVED,ND_RETAIL,,,,,"3621661",COLERAINE,648147.506624301,6111916.85620347
"133",AGE CONCERN,,,"13",WATERSIDE STREET,,,,WATERSIDE,COLERAINE,LONDONDERRY,BT51 3DP,,"186117410","185535673","35792",COLERAINE,"284460","432446",N,BUILT,APPROVED,ND_RETAIL,,,,,"3621647",COLERAINE,648122.057434719,6111948.48692388
"134",WATERSIDE WAREHOUSE,,,"10",CAPTAIN STREET LOWER,,,,WATERSIDE,COLERAINE,LONDONDERRY,BT51 3DT,,"186117204","187122481","7860",COLERAINE,"284360","432428",N,BUILT,APPROVED,ND_COMM_OTHER,,,,,"3621764",COLERAINE,648022.350729964,6111929.06179808
"135",ORIENTAL TRADERS,,,"10",CAPTAIN STREET LOWER,,,,WATERSIDE,COLERAINE,LONDONDERRY,BT51 3DT,,"186117204","185535821","7860",COLERAINE,"284360","432428",N,BUILT,APPROVED,ND_COMM_OTHER,,,,,"3621763",COLERAINE,648022.350729964,6111929.06179808
"136",,FLAT 29,HAZLETT COURT,,CASTLEROCK ROAD,,,,WATERSIDE,COLERAINE,LONDONDERRY,BT51 3HL,,"186850610","185770256","7204",COLERAINE,"284405","432480",N,BUILT,APPROVED,DO_APART,,,,,"3622788",COLERAINE,648066.590298934,6111981.68746615
"137",,,,20B,CAPTAIN STREET UPPER,,,,WATERSIDE,COLERAINE,LONDONDERRY,BT51 3LZ,,"186116418","185537594","7859",COLERAINE,"284138","432505",N,BUILT,APPROVED,DO_DETACHED,,,,,"3623625",COLERAINE,647799.327573009,6112002.85633012
"138",,,,16A,WATERSIDE STREET,,,,WATERSIDE,COLERAINE,LONDONDERRY,BT51 3DP,,"186850444","185535693","35792",COLERAINE,"284447","432420",N,BUILT,APPROVED,ND_RETAIL,,,,,"3621674",COLERAINE,648109.434263877,6111922.31008357
"139",,,,"8",CARTHALL TERRACE,,CARTHALL ROAD,,WATERSIDE,COLERAINE,LONDONDERRY,BT51 3EL,,"186116023","185536109","38160",COLERAINE,"284045","432688",N,BUILT,APPROVED,DO_TERRACE,,,,,"3622085",COLERAINE,647703.740990965,6112184.45970079
"140",ORIENTAL TRADERS,,,"10",CAPTAIN STREET LOWER,,,,WATERSIDE,COLERAINE,LONDONDERRY,BT51 3DT,,"186117134","185844507","7860",COLERAINE,"284337","432426",N,BUILT,APPROVED,ND_OTHER,,,,,"3621763",COLERAINE,647999.387555123,6111926.73325753
"141",THE PEKING GARDEN TAKE AWAY,,,"3",WATERSIDE STREET,,,,WATERSIDE,COLERAINE,LONDONDERRY,BT51 3DP,,"186117459","185535681","35792",COLERAINE,"284487","432442",N,BUILT,APPROVED,DO_APART,,,,,"3621660",COLERAINE,648149.105081942,6111944.87486384
"142",,,,"16",CAPTAIN STREET UPPER,,,,WATERSIDE,COLERAINE,LONDONDERRY,BT51 3LZ,,"186116580","185537563","7859",COLERAINE,"284180","432491",N,BUILT,APPROVED,DO_TERRACE,,,,,"3623620",COLERAINE,647841.513012873,6111989.46257148
"143",,FLAT 1,BREEZEMOUNT HOUSE,"26",CASTLEROCK ROAD,,,,WATERSIDE,COLERAINE,LONDONDERRY,BT51 3HP,,"186116336","185536858","7204",COLERAINE,"284120","432689",N,BUILT,APPROVED,DO_APART,,,,,"3622918",COLERAINE,647778.699921553,6112186.53302479
"144",,,,1E,WATERSIDE STREET,,,,WATERSIDE,COLERAINE,LONDONDERRY,BT51 3DP,,"186922110","185770282","35792",COLERAINE,"284472","432432",Y,UNDER CONSTRUCTION,PROVISIONAL,ND_OFFICE,,,,,,COLERAINE,648134.253576879,6111934.66369409
"145",,,,"22",CAPTAIN STREET UPPER,,,,WATERSIDE,COLERAINE,LONDONDERRY,BT51 3LZ,,"186116528","185537567","7859",COLERAINE,"284164","432520",N,BUILT,APPROVED,DO_DETACHED,,,,,"3623626",COLERAINE,647825.103569441,6112018.22318322
"146",,,,"33",CAPTAIN STREET LOWER,,,,WATERSIDE,COLERAINE,LONDONDERRY,BT51 3DT,,"186116812","185535801","7860",COLERAINE,"284237","432465",N,BUILT,APPROVED,DO_TERRACE,,,,,"3621787",COLERAINE,647898.864893189,6111964.28782019
"147",,APARTMENT 8,,1-3,CAPTAIN STREET LOWER,,,,WATERSIDE,COLERAINE,LONDONDERRY,BT51 3DT,,"187380586","187380605","7860",COLERAINE,"284328","432458",Y,UNDER CONSTRUCTION,PROVISIONAL,,04-Feb-11,04-Feb-11,,,,COLERAINE,647989.93266986,6111958.59301674
"148",COLERAINE HEALTH CENTRE,,COLERAINE HEALTH CENTRE,"7",CASTLEROCK ROAD,,,,WATERSIDE,COLERAINE,LONDONDERRY,BT51 3HP,,"186117291","185770197","7204",COLERAINE,"284400","432597",N,BUILT,APPROVED,ND_HEALTH,,,,,"3622821",COLERAINE,648059.917162747,6112098.5742104
"149",,,,10C,CAPTAIN STREET LOWER,,,,WATERSIDE,COLERAINE,LONDONDERRY,BT51 3DT,,"186922021","185770173","7860",COLERAINE,"284292","432445",Y,UNDER CONSTRUCTION,PROVISIONAL,ND_COMM_OTHER,,,,,,COLERAINE,647954.131598246,6111945.0822954
"150",,,,"33",CAPTAIN STREET UPPER,,,,WATERSIDE,COLERAINE,LONDONDERRY,BT51 3LY,,"186116469","185537552","7859",COLERAINE,"284151","432613",N,BUILT,APPROVED,DO_DETACHED,,,,,"3623609",COLERAINE,647810.776858281,6112111.00391643
"151",,,,"2",CARTHALL ROAD,,,,WATERSIDE,COLERAINE,LONDONDERRY,BT51 3LR,,"186116167","185537464","7526",COLERAINE,"284081","432653",N,BUILT,APPROVED,DO_TERRACE,,,,,"3623523",COLERAINE,647740.229198099,6112149.98755319
"152",,,,10H,CAPTAIN STREET LOWER,,,,WATERSIDE,COLERAINE,LONDONDERRY,BT51 3DT,,"186922026","185770178","7860",COLERAINE,"284292","432445",Y,NONE,REJECTED,ND_COMM_OTHER,,,,,,COLERAINE,647954.131598246,6111945.0822954
"153",,,,"23",LISLEA COURT,,,,WATERSIDE,COLERAINE,LONDONDERRY,BT51 3HN,,"186116901","185536722","14325",COLERAINE,"284260","432714",N,BUILT,APPROVED,DO_SEMI,,,,,"3622811",COLERAINE,647918.292110484,6112213.52831863
"154",,,,"10",CARTHALL ROAD,,,,WATERSIDE,COLERAINE,LONDONDERRY,BT51 3LR,,"186116089","185537462","7526",COLERAINE,"284059","432654",N,BUILT,APPROVED,DO_TERRACE,,,,,"3623521",COLERAINE,647718.222730528,6112150.67225131
"155",,APARTMENT 12,,1-3,CAPTAIN STREET LOWER,,,,WATERSIDE,COLERAINE,LONDONDERRY,BT51 3DT,,"187380586","187380609","7860",COLERAINE,"284328","432458",Y,UNDER CONSTRUCTION,PROVISIONAL,,04-Feb-11,04-Feb-11,,,,COLERAINE,647989.93266986,6111958.59301674
"156",,APARTMENT 11,,1-3,CAPTAIN STREET LOWER,,,,WATERSIDE,COLERAINE,LONDONDERRY,BT51 3DT,,"187380586","187380608","7860",COLERAINE,"284328","432458",Y,UNDER CONSTRUCTION,PROVISIONAL,,04-Feb-11,04-Feb-11,,,,COLERAINE,647989.93266986,6111958.59301674
"157",,,,"52",CAPTAIN STREET UPPER,,,,WATERSIDE,COLERAINE,LONDONDERRY,BT51 3LZ,,"186116352","185537582","7859",COLERAINE,"284123","432602",N,BUILT,APPROVED,DO_TERRACE,,,,,"3623642",COLERAINE,647782.944315582,6112099.60700212
"158",,,,"16",LISLEA COURT,,,,WATERSIDE,COLERAINE,LONDONDERRY,BT51 3HN,,"186116835","185536732","14325",COLERAINE,"284242","432700",N,BUILT,APPROVED,DO_SEMI,,,,,"3622806",COLERAINE,647900.498947622,6112199.27562512
"159",,,,"9",CAPTAIN STREET UPPER,,,,WATERSIDE,COLERAINE,LONDONDERRY,BT51 3LY,,"186116681","185537557","7859",COLERAINE,"284203","432516",N,BUILT,APPROVED,DO_SEMI,,,,,"3623616",COLERAINE,647864.146926115,6112014.78291336
"160",,,,"19",CASTLEROCK ROAD,,,,WATERSIDE,COLERAINE,LONDONDERRY,BT51 3HP,,"186116299","185536743","7204",COLERAINE,"284111","432792",N,BUILT,APPROVED,DO_SEMI,,,,,"3622836",COLERAINE,647768.228601491,6112289.36744365
"161",,,,"15",CAPTAIN STREET LOWER,,,,WATERSIDE,COLERAINE,LONDONDERRY,BT51 3DT,,"186117011","185535783","7860",COLERAINE,"284287","432462",N,BUILT,APPROVED,DO_TERRACE,,,,,"3621769",COLERAINE,647948.890018481,6111962.00465975
"162",,,,"12",LISLEA COURT,,,,WATERSIDE,COLERAINE,LONDONDERRY,BT51 3HN,,"186983115","185536730","14325",COLERAINE,"284232","432682",N,BUILT,APPROVED,DO_APART,,,,,"3622802",COLERAINE,647890.760196004,6112181.1388844
"163",,,,"1",HAZELBANK TERRACE,,,,WATERSIDE,COLERAINE,LONDONDERRY,BT51 3DW,,"186116577","185535845","14835",COLERAINE,"284179","432437",N,BUILT,APPROVED,DO_TERRACE,,,,,"3621821",COLERAINE,647841.28640095,6111935.46751064
"164",LLOYDS PHARMACY,,,"1",CASTLEROCK ROAD,,,,WATERSIDE,COLERAINE,LONDONDERRY,BT51 3HP,,"186117348","187144122","7204",COLERAINE,"284420","432456",N,BUILT,APPROVED,ND_RETAIL,,,,,"3622823",COLERAINE,648081.928526316,6111957.91074635
"165",LILIAN DAVIS STUDIO,,,"9",WATERSIDE STREET,,,,WATERSIDE,COLERAINE,LONDONDERRY,BT51 3DP,,"186117433","185535687","35792",COLERAINE,"284472","432448",N,BUILT,APPROVED,ND_RETAIL,,,,,"3621658",COLERAINE,648134.024530751,6111950.65799638
"166",,,,"15",LISLEA COURT,,,,WATERSIDE,COLERAINE,LONDONDERRY,BT51 3HN,,"186116900","185536718","14325",COLERAINE,"284260","432679",N,BUILT,APPROVED,DO_SEMI,,,,,"3622805",COLERAINE,647918.793162362,6112178.54079464
"167",THE CASTLE BAR,,,"19",WATERSIDE STREET,,,,WATERSIDE,COLERAINE,LONDONDERRY,BT51 3DP,,"186117381","185535679","35792",COLERAINE,"284443","432454",N,BUILT,APPROVED,ND_HOSPITALITY,,,,,"3621649",COLERAINE,648104.948965605,6111956.240713
"168",,,,"5",HAZELBANK ROAD,,,,WATERSIDE,COLERAINE,LONDONDERRY,BT51 3DU,,"186116396","185535841","14836",COLERAINE,"284133","432418",N,BUILT,APPROVED,DO_TERRACE,,,,,"3621817",COLERAINE,647795.574795151,6111915.81578035
"169",,,,"6",CARTHALL ROAD,,,,WATERSIDE,COLERAINE,LONDONDERRY,BT51 3LR,,"186116126","185537466","7526",COLERAINE,"284070","432653",N,BUILT,APPROVED,DO_TERRACE,,,,,"3623525",COLERAINE,647729.233122062,6112149.83008063
"170",,,,"8",HAZELBANK ROAD,,,,WATERSIDE,COLERAINE,LONDONDERRY,BT51 3DU,,"186116670","185535844","14836",COLERAINE,"284199","432411",N,BUILT,APPROVED,DO_TERRACE,,,,,"3621820",COLERAINE,647861.65146912,6111909.76308764
"171",,,,24A,CASTLEROCK ROAD,,,,WATERSIDE,COLERAINE,LONDONDERRY,BT51 3HP,,"186116690","185536754","7204",COLERAINE,"284205","432627",N,BUILT,APPROVED,DO_DETACHED,,,,,"3622841",COLERAINE,647864.557184978,6112125.77196905
"172",,,,"25",LISLEA COURT,,,,WATERSIDE,COLERAINE,LONDONDERRY,BT51 3HN,,"186116888","185536723","14325",COLERAINE,"284257","432726",N,BUILT,APPROVED,DO_SEMI,,,,,"3622812",COLERAINE,647915.121390158,6112225.48109367
"173",,,,"23",CAPTAIN STREET LOWER,,,,WATERSIDE,COLERAINE,LONDONDERRY,BT51 3DT,,"186116913","185770183","7860",COLERAINE,"284263","432463",N,BUILT,APPROVED,DO_TERRACE,,,,,,COLERAINE,647924.88425663,6111962.66073363
"174",COLERAINE CHILDCARE OFFICE,,,7A,CASTLEROCK ROAD,,,,WATERSIDE,COLERAINE,LONDONDERRY,BT51 3HP,,"186117006","185770199","7204",COLERAINE,"284284","432625",N,BUILT,APPROVED,ND_OFFICE,,,,,"3622822",COLERAINE,647943.557656122,6112124.90361895
"175",,,,"26",CAPTAIN STREET LOWER,,,,WATERSIDE,COLERAINE,LONDONDERRY,BT51 3DT,,"186117010","185535794","7860",COLERAINE,"284287","432434",N,BUILT,APPROVED,DO_TERRACE,,,,,"3621780",COLERAINE,647949.290849169,6111934.01463886
"176",,,,"11",CAPTAIN STREET LOWER,,,,WATERSIDE,COLERAINE,LONDONDERRY,BT51 3DT,,"186117036","185535779","7860",COLERAINE,"284297","432461",N,BUILT,APPROVED,DO_TERRACE,,,,,"3621765",COLERAINE,647958.900770171,6111961.14817018
"177",,,,"11",RIVERVIEW AVENUE,,,,WATERSIDE,COLERAINE,LONDONDERRY,BT51 3JA,,"186116828","185536938","11042",COLERAINE,"284241","432766",N,BUILT,APPROVED,DO_DETACHED,,,,,"3622999",COLERAINE,647898.554459735,6112265.23778102
"178",DIGITAL TACHOGRAPH SECTION DRIVER LICENSING,,COUNTY HALL,,CASTLEROCK ROAD,,,,WATERSIDE,COLERAINE,LONDONDERRY,BT51 3TD,,"186117372","187344335","7204",COLERAINE,"284438","432764",N,BUILT,APPROVED,ND_OTHER,,,,,"3624921",COLERAINE,648095.512896504,6112266.05872242
"179",,,,10E,CAPTAIN STREET LOWER,,,,WATERSIDE,COLERAINE,LONDONDERRY,BT51 3DT,,"186922023","185770175","7860",COLERAINE,"284292","432445",Y,UNDER CONSTRUCTION,PROVISIONAL,DO_APART,,,,,,COLERAINE,647954.131598246,6111945.0822954
"180",,,,"10",OLD MODEL COURT,,,,WATERSIDE,COLERAINE,LONDONDERRY,BT51 3AR,,"186983063","185534965","610",COLERAINE,"284047","432740",N,BUILT,APPROVED,DO_APART,,,,,"3620934",COLERAINE,647704.995856888,6112236.46977911
"181",,,,"3",LISLEA COURT,,,,WATERSIDE,COLERAINE,LONDONDERRY,BT51 3HN,,"186850601","185536712","14325",COLERAINE,"284255","432657",N,BUILT,APPROVED,DO_APART,,,,,"3622814",COLERAINE,647914.109890477,6112156.47705812
"182",,,,10A,WATERSIDE STREET,,,,WATERSIDE,COLERAINE,LONDONDERRY,BT51 3DP,,"186850448","185535702","35792",COLERAINE,"284466","432418",N,BUILT,APPROVED,DO_TERRACE,,,,,"3621672",COLERAINE,648128.456128462,6111920.58278748
"183",,,,"48",CAPTAIN STREET UPPER,,,,WATERSIDE,COLERAINE,LONDONDERRY,BT51 3LZ,,"186116373","185537580","7859",COLERAINE,"284128","432593",N,BUILT,APPROVED,DO_TERRACE,,,,,"3623640",COLERAINE,647788.071372803,6112090.68179008
"184",,FLAT 14,BREEZEMOUNT HOUSE,"26",CASTLEROCK ROAD,,,,WATERSIDE,COLERAINE,LONDONDERRY,BT51 3HP,,"186116336","185536860","7204",COLERAINE,"284120","432689",N,BUILT,APPROVED,DO_APART,,,,,,COLERAINE,647778.699921553,6112186.53302479
"185",,,,24D,CASTLEROCK ROAD,,,,WATERSIDE,COLERAINE,LONDONDERRY,BT51 3HP,,"186116529","185536757","7204",COLERAINE,"284164","432671",N,BUILT,APPROVED,DO_DETACHED,,,,,"3622844",COLERAINE,647822.941913386,6112169.16933663
"186",,,,"8",CASTLEROCK ROAD,,,,WATERSIDE,COLERAINE,LONDONDERRY,BT51 3HP,,"186116997","185536751","7204",COLERAINE,"284278","432550",N,BUILT,APPROVED,DO_SEMI,,,,,"3622848",COLERAINE,647938.633464452,6112049.84445659
"187",,,,"11",CASTLEROCK ROAD,,,,WATERSIDE,COLERAINE,LONDONDERRY,BT51 3HP,,"186116634","185536735","7204",COLERAINE,"284192","432717",N,BUILT,APPROVED,DO_DETACHED,,,,,"3622827",COLERAINE,647850.27340465,6112215.55377496
"188",,,,10D,CAPTAIN STREET LOWER,,,,WATERSIDE,COLERAINE,LONDONDERRY,BT51 3DT,,"186922022","185770174","7860",COLERAINE,"284292","432445",Y,NONE,REJECTED,ND_RETAIL,,,,,,COLERAINE,647954.131598246,6111945.0822954
"189",,APARTMENT 7,,1-3,CAPTAIN STREET LOWER,,,,WATERSIDE,COLERAINE,LONDONDERRY,BT51 3DT,,"187380586","187380604","7860",COLERAINE,"284328","432458",Y,UNDER CONSTRUCTION,PROVISIONAL,,04-Feb-11,04-Feb-11,,,,COLERAINE,647989.93266986,6111958.59301674
"190",,APARTMENT 5,,1-3,CAPTAIN STREET LOWER,,,,WATERSIDE,COLERAINE,LONDONDERRY,BT51 3DT,,"187380586","187380602","7860",COLERAINE,"284328","432458",Y,UNDER CONSTRUCTION,PROVISIONAL,,04-Feb-11,04-Feb-11,,,,COLERAINE,647989.93266986,6111958.59301674
"191",,,,"20",CASTLEROCK ROAD,,,,WATERSIDE,COLERAINE,LONDONDERRY,BT51 3HP,,"186116795","185536744","7204",COLERAINE,"284233","432598",N,BUILT,APPROVED,DO_SEMI,,,,,"3622837",COLERAINE,647892.962356448,6112097.18314576
"192",,,,"10",CAPTAIN STREET UPPER,,,,WATERSIDE,COLERAINE,LONDONDERRY,BT51 3LZ,,"186116602","185537560","7859",COLERAINE,"284186","432478",N,BUILT,APPROVED,DO_TERRACE,,,,,"3623617",COLERAINE,647847.696974215,6111976.55309938
"193",WHITES MEDICAL HALL,,,"5",WATERSIDE STREET,,,,WATERSIDE,COLERAINE,LONDONDERRY,BT51 3DP,,"186117449","185535683","35792",COLERAINE,"284481","432453",N,BUILT,APPROVED,ND_RETAIL,,,,,,COLERAINE,648142.949749012,6111955.78505448
"194",,,,11A,WATERSIDE STREET,,,,WATERSIDE,COLERAINE,LONDONDERRY,BT51 3DP,,"187048238","185978654","35792",COLERAINE,"284466","432448",N,BUILT,APPROVED,ND_RETAIL,,,,,,COLERAINE,648128.026667314,6111950.572104
"195",,,,20A,CAPTAIN STREET UPPER,,,,WATERSIDE,COLERAINE,LONDONDERRY,BT51 3LZ,,"186116397","185537595","7859",COLERAINE,"284133","432490",N,BUILT,APPROVED,DO_DETACHED,,,,,"3623624",COLERAINE,647794.544087818,6111987.79010243
"196",,,,"7",LISLEA COURT,,,,WATERSIDE,COLERAINE,LONDONDERRY,BT51 3HN,,"186850603","185536714","14325",COLERAINE,"284255","432657",N,BUILT,APPROVED,DO_APART,,,,,"3622818",COLERAINE,647914.109890477,6112156.47705812
"197",,,,"31",CAPTAIN STREET UPPER,,,,WATERSIDE,COLERAINE,LONDONDERRY,BT51 3LY,,"186116506","185537551","7859",COLERAINE,"284160","432597",N,BUILT,APPROVED,DO_DETACHED,,,,,"3623608",COLERAINE,647820.002698799,6112095.13846281
"198",,,,"44",CAPTAIN STREET UPPER,,,,WATERSIDE,COLERAINE,LONDONDERRY,BT51 3LZ,,"186116391","185537578","7859",COLERAINE,"284132","432583",N,BUILT,APPROVED,DO_TERRACE,,,,,"3623638",COLERAINE,647792.213102155,6112080.74261897
"199",,,,"20",CAPTAIN STREET UPPER,,,,WATERSIDE,COLERAINE,LONDONDERRY,BT51 3LZ,,"186116567","185537566","7859",COLERAINE,"284176","432500",N,BUILT,APPROVED,DO_TERRACE,,,,,"3623623",COLERAINE,647837.385600051,6111998.40210055
"200",,,,"9",RIVERVIEW AVENUE,,,,WATERSIDE,COLERAINE,LONDONDERRY,BT51 3JA,,"186116695","185536960","11042",COLERAINE,"284206","432774",N,BUILT,APPROVED,DO_DETACHED,,,,,"3623021",COLERAINE,647863.452410242,6112272.73387302
"201",,,,"21",CAPTAIN STREET LOWER,,,,WATERSIDE,COLERAINE,LONDONDERRY,BT51 3DT,,"186116958","185535790","7860",COLERAINE,"284269","432463",N,BUILT,APPROVED,DO_TERRACE,,,,,,COLERAINE,647930.882118158,6111962.74662606
"202",,,,"30",CAPTAIN STREET LOWER,,,,WATERSIDE,COLERAINE,LONDONDERRY,BT51 3DT,,"186116984","185535798","7860",COLERAINE,"284276","432437",N,BUILT,APPROVED,DO_TERRACE,,,,,,COLERAINE,647938.251823328,6111936.85610066
"203",,,,"19",CAPTAIN STREET LOWER,,,,WATERSIDE,COLERAINE,LONDONDERRY,BT51 3DT,,"186116988","185535787","7860",COLERAINE,"284277","432462",N,BUILT,APPROVED,DO_TERRACE,,,,,"3621773",COLERAINE,647938.893582352,6111961.86150571
"204",,FLAT 28,HAZLETT COURT,,CASTLEROCK ROAD,,,,WATERSIDE,COLERAINE,LONDONDERRY,BT51 3HL,,"186850610","185770255","7204",COLERAINE,"284405","432480",N,BUILT,APPROVED,DO_APART,,,,,"3622787",COLERAINE,648066.590298934,6111981.68746615
"205",,FLAT 6,HAZLETT COURT,,CASTLEROCK ROAD,,,,WATERSIDE,COLERAINE,LONDONDERRY,BT51 3HL,,"186850610","185770233","7204",COLERAINE,"284405","432480",N,BUILT,APPROVED,DO_APART,,,,,"3622795",COLERAINE,648066.590298934,6111981.68746615
"206",PORTERHOUSE BAR,,,"12",WATERSIDE STREET,,,,WATERSIDE,COLERAINE,LONDONDERRY,BT51 3DP,,"186117407","185535672","35792",COLERAINE,"284459","432417",N,BUILT,APPROVED,ND_HOSPITALITY,,,,,"3621662",COLERAINE,648121.472936521,6111919.48293617
"207",,,,2B,WATERSIDE STREET,,,,WATERSIDE,COLERAINE,LONDONDERRY,BT51 3DP,,"186922114","185770286","35792",COLERAINE,"284491","432414",N,BUILT,APPROVED,DO_APART,,,,,"3621678",COLERAINE,648153.504487931,6111916.94209553
"208",,,,"21",CASTLEROCK ROAD,,,,WATERSIDE,COLERAINE,LONDONDERRY,BT51 3HP,,"186116270","185536745","7204",COLERAINE,"284104","432797",N,BUILT,APPROVED,DO_SEMI,,,,,"3622838",COLERAINE,647761.159518734,6112294.26544876
"209",,,,"14",LISLEA COURT,,,,WATERSIDE,COLERAINE,LONDONDERRY,BT51 3HN,,"186116834","185536731","14325",COLERAINE,"284242","432695",N,BUILT,APPROVED,DO_SEMI,,,,,"3622804",COLERAINE,647900.570526463,6112194.27740754
"210",,,,"7",CAPTAIN STREET LOWER,,,,WATERSIDE,COLERAINE,LONDONDERRY,BT51 3DT,,"186117072","185535816","7860",COLERAINE,"284306","432459",N,BUILT,APPROVED,DO_TERRACE,,,,,"3621801",COLERAINE,647967.926193766,6111959.27772156
"211",,,,"2",HAZELBANK TERRACE,,,,WATERSIDE,COLERAINE,LONDONDERRY,BT51 3DW,,"186116552","185535846","14835",COLERAINE,"284172","432433",N,BUILT,APPROVED,DO_TERRACE,,,,,"3621822",COLERAINE,647834.346158223,6111931.36872944
"212",,,,"12",CAPTAIN STREET UPPER,,,,WATERSIDE,COLERAINE,LONDONDERRY,BT51 3LZ,,"186116588","185537561","7859",COLERAINE,"284182","432481",N,BUILT,APPROVED,DO_TERRACE,,,,,"3623618",COLERAINE,647843.655454112,6111979.494768
"213",,,,"32",CAPTAIN STREET UPPER,,,,WATERSIDE,COLERAINE,LONDONDERRY,BT51 3LZ,,"186116463","185537572","7859",COLERAINE,"284150","432551",N,BUILT,APPROVED,DO_TERRACE,,,,,"3623631",COLERAINE,647810.664780899,6112049.01171128
"214",,,,"46",CAPTAIN STREET UPPER,,,,WATERSIDE,COLERAINE,LONDONDERRY,BT51 3LZ,,"186116384","185537579","7859",COLERAINE,"284130","432588",N,BUILT,APPROVED,DO_TERRACE,,,,,"3623639",COLERAINE,647790.142237495,6112085.71220454
"215",,,,"27",CAPTAIN STREET LOWER,,,,WATERSIDE,COLERAINE,LONDONDERRY,BT51 3DT,,"186116871","185535795","7860",COLERAINE,"284253","432465",N,BUILT,APPROVED,DO_TERRACE,,,,,"3621781",COLERAINE,647914.859190068,6111964.51686669
"216",WATERSIDE POST OFFICE,,,"14",WATERSIDE STREET,,,,WATERSIDE,COLERAINE,LONDONDERRY,BT51 3DP,,"186117400","185535674","35792",COLERAINE,"284453","432418",N,BUILT,APPROVED,ND_RETAIL,,,,,,COLERAINE,648115.460757846,6111920.39668795
"217",,,,"14",CAPTAIN STREET LOWER,,,,WATERSIDE,COLERAINE,LONDONDERRY,BT51 3DT,,"186117104","185535782","7860",COLERAINE,"284319","432432",N,BUILT,APPROVED,DO_TERRACE,,,,,"3621768",COLERAINE,647981.308076621,6111932.47344314
"218",,,,"35",CAPTAIN STREET UPPER,,,,WATERSIDE,COLERAINE,LONDONDERRY,BT51 3LY,,"186116451","185537553","7859",COLERAINE,"284148","432623",N,BUILT,APPROVED,DO_DETACHED,,,,,"3623610",COLERAINE,647807.634771727,6112120.95740327
"219",,,,"25",CAPTAIN STREET LOWER,,,,WATERSIDE,COLERAINE,LONDONDERRY,BT51 3DT,,"186116890","185535793","7860",COLERAINE,"284258","432463",N,BUILT,APPROVED,DO_TERRACE,,,,,"3621779",COLERAINE,647919.886038734,6111962.58915661
"220",,,,"12",CARTHALL ROAD,,,,WATERSIDE,COLERAINE,LONDONDERRY,BT51 3LR,,"186116069","185537463","7526",COLERAINE,"284053","432654",N,BUILT,APPROVED,DO_TERRACE,,,,,"3623522",COLERAINE,647712.224871054,6112150.58635719
"221",,FLAT 30,HAZLETT COURT,,CASTLEROCK ROAD,,,,WATERSIDE,COLERAINE,LONDONDERRY,BT51 3HL,,"186850610","185770257","7204",COLERAINE,"284405","432480",N,BUILT,APPROVED,DO_APART,,,,,"3622790",COLERAINE,648066.590298934,6111981.68746615
"222",,FLAT 26,HAZLETT COURT,,CASTLEROCK ROAD,,,,WATERSIDE,COLERAINE,LONDONDERRY,BT51 3HL,,"186850610","185770253","7204",COLERAINE,"284405","432480",N,BUILT,APPROVED,DO_APART,,,,,"3622785",COLERAINE,648066.590298934,6111981.68746615
"223",,FLAT 23,HAZLETT COURT,,CASTLEROCK ROAD,,,,WATERSIDE,COLERAINE,LONDONDERRY,BT51 3HL,,"186850610","185770250","7204",COLERAINE,"284405","432480",N,BUILT,APPROVED,DO_APART,,,,,"3622782",COLERAINE,648066.590298934,6111981.68746615
"224",,FLAT 20,HAZLETT COURT,,CASTLEROCK ROAD,,,,WATERSIDE,COLERAINE,LONDONDERRY,BT51 3HL,,"186850610","185770247","7204",COLERAINE,"284405","432480",N,BUILT,APPROVED,DO_APART,,,,,"3622779",COLERAINE,648066.590298934,6111981.68746615
"225",,FLAT 16,HAZLETT COURT,,CASTLEROCK ROAD,,,,WATERSIDE,COLERAINE,LONDONDERRY,BT51 3HL,,"186850610","185770243","7204",COLERAINE,"284405","432480",N,BUILT,APPROVED,DO_APART,,,,,"3622774",COLERAINE,648066.590298934,6111981.68746615
"226",,FLAT 8,HAZLETT COURT,,CASTLEROCK ROAD,,,,WATERSIDE,COLERAINE,LONDONDERRY,BT51 3HL,,"186850610","185770235","7204",COLERAINE,"284405","432480",N,BUILT,APPROVED,DO_APART,,,,,"3622797",COLERAINE,648066.590298934,6111981.68746615
"227",,FLAT 4,HAZLETT COURT,,CASTLEROCK ROAD,,,,WATERSIDE,COLERAINE,LONDONDERRY,BT51 3HL,,"186850610","185770231","7204",COLERAINE,"284405","432480",N,BUILT,APPROVED,DO_APART,,,,,"3622793",COLERAINE,648066.590298934,6111981.68746615
"228",,,,"42",CAPTAIN STREET LOWER,,,,WATERSIDE,COLERAINE,LONDONDERRY,BT51 3DT,,"186116793","185535811","7860",COLERAINE,"284233","432438",N,BUILT,APPROVED,DO_TERRACE,,,,,"3621796",COLERAINE,647895.252834377,6111937.24018357
"229",,,,"5",LISLEA COURT,,,,WATERSIDE,COLERAINE,LONDONDERRY,BT51 3HN,,"186850602","185536713","14325",COLERAINE,"284255","432657",N,BUILT,APPROVED,DO_APART,,,,,"3622816",COLERAINE,647914.109890477,6112156.47705812
"230",,,,"21",CAPTAIN STREET UPPER,,,,WATERSIDE,COLERAINE,LONDONDERRY,BT51 3LY,,"186116581","185537545","7859",COLERAINE,"284180","432562",N,BUILT,APPROVED,DO_TERRACE,,,,,"3623602",COLERAINE,647840.496612629,6112060.43725503
"231",BREEZEMOUNT HOUSE B&B,,BREEZEMOUNT HOUSE,"26",CASTLEROCK ROAD,,,,WATERSIDE,COLERAINE,LONDONDERRY,BT51 3HP,,"186116336","187366045","7204",COLERAINE,"284120","432689",N,BUILT,APPROVED,,,,,,,COLERAINE,647778.699921553,6112186.53302479
"232",,FLAT 11,BREEZEMOUNT HOUSE,"26",CASTLEROCK ROAD,,,,WATERSIDE,COLERAINE,LONDONDERRY,BT51 3HP,,"186116336","185978748","7204",COLERAINE,"284120","432689",N,BUILT,APPROVED,DO_OTHER,,,,,"50985670",COLERAINE,647778.699921553,6112186.53302479
"233",,FLAT 15,BREEZEMOUNT HOUSE,"26",CASTLEROCK ROAD,,,,WATERSIDE,COLERAINE,LONDONDERRY,BT51 3HP,,"186116336","185978743","7204",COLERAINE,"284120","432689",N,BUILT,APPROVED,DO_OTHER,,,,,"50985670",COLERAINE,647778.699921553,6112186.53302479
"234",,,,"15",CASTLEROCK ROAD,,,,WATERSIDE,COLERAINE,LONDONDERRY,BT51 3HP,,"186116406","185536739","7204",COLERAINE,"284135","432767",N,BUILT,APPROVED,DO_DETACHED,,,,,"3622832",COLERAINE,647792.577938859,6112264.71994191
"235",,,,24E,CASTLEROCK ROAD,,,,WATERSIDE,COLERAINE,LONDONDERRY,BT51 3HP,,"186116484","185536758","7204",COLERAINE,"284155","432681",N,BUILT,APPROVED,DO_DETACHED,,,,,"3622845",COLERAINE,647813.801965451,6112179.03692894
"236",,,SHED,,CAPTAIN STREET UPPER,,,,WATERSIDE,COLERAINE,LONDONDERRY,BT51 3LZ,,"186116125","185844451","7859",COLERAINE,"284070","432616",N,BUILT,APPROVED,ND_OTHER,,,,,,COLERAINE,647729.762801369,6112112.84328037
"237",,APARTMENT 4,,1-3,CAPTAIN STREET LOWER,,,,WATERSIDE,COLERAINE,LONDONDERRY,BT51 3DT,,"187380586","187380601","7860",COLERAINE,"284328","432458",Y,UNDER CONSTRUCTION,PROVISIONAL,,04-Feb-11,04-Feb-11,,,,COLERAINE,647989.93266986,6111958.59301674
"238",,,,1-3,CAPTAIN STREET LOWER,,,,WATERSIDE,COLERAINE,LONDONDERRY,,,"187380586","187380587","7860",COLERAINE,"284328","432458",Y,UNDER CONSTRUCTION,PROVISIONAL,,04-Feb-11,04-Feb-11,,,,,647989.93266986,6111958.59301674
"239",,,,41B,CAPTAIN STREET LOWER,,,,WATERSIDE,COLERAINE,LONDONDERRY,BT51 3DT,,"186922032","185770185","7860",COLERAINE,"284216","432477",N,BUILT,APPROVED,DO_APART,,,,,"51108829",COLERAINE,647877.700594194,6111975.98291858
"240",,,,"1",LISLEA COURT,,,,WATERSIDE,COLERAINE,LONDONDERRY,BT51 3HN,,"186983116","185536711","14325",COLERAINE,"284255","432657",N,BUILT,APPROVED,DO_APART,,,,,"3622799",COLERAINE,647914.109890477,6112156.47705812
"241",,,,"46",CAPTAIN STREET LOWER,,,,WATERSIDE,COLERAINE,LONDONDERRY,BT51 3DT,,"186116744","185535813","7860",COLERAINE,"284222","432439",N,BUILT,APPROVED,DO_TERRACE,,,,,,COLERAINE,647884.24244019,6111938.08235808
"242",,,,"8",OLD MODEL COURT,,,,WATERSIDE,COLERAINE,LONDONDERRY,BT51 3AR,,"186983057","185534963","610",COLERAINE,"284046","432751",N,BUILT,APPROVED,DO_APART,,,,,"3620951",COLERAINE,647703.838739549,6112247.45153854
"243",,,,"19",LISLEA COURT,,,,WATERSIDE,COLERAINE,LONDONDERRY,BT51 3HN,,"186116919","185536720","14325",COLERAINE,"284264","432697",N,BUILT,APPROVED,DO_SEMI,,,,,"3622808",COLERAINE,647922.534053035,6112196.5916415
"244",,,,"17",CAPTAIN STREET UPPER,,,,WATERSIDE,COLERAINE,LONDONDERRY,BT51 3LY,,"186116594","185537543","7859",COLERAINE,"284183","432548",N,BUILT,APPROVED,DO_TERRACE,,,,,"3623600",COLERAINE,647843.695960551,6112046.48519363
"245",,,,"7",RIVERVIEW AVENUE,,,,WATERSIDE,COLERAINE,LONDONDERRY,BT51 3JA,,"186116612","185536958","11042",COLERAINE,"284188","432797",N,BUILT,APPROVED,DO_DETACHED,,,,,"3623019",COLERAINE,647845.129562279,6112295.46798583
"246",,,,"24",CAPTAIN STREET LOWER,,,,WATERSIDE,COLERAINE,LONDONDERRY,BT51 3DT,,"186117023","185535792","7860",COLERAINE,"284292","432435",N,BUILT,APPROVED,DO_TERRACE,,,,,,COLERAINE,647954.274751942,6111935.08585928
"247",,APARTMENT 9,,1-3,CAPTAIN STREET LOWER,,,,WATERSIDE,COLERAINE,LONDONDERRY,BT51 3DT,,"187380586","187380606","7860",COLERAINE,"284328","432458",Y,UNDER CONSTRUCTION,PROVISIONAL,,04-Feb-11,04-Feb-11,,,,COLERAINE,647989.93266986,6111958.59301674
"248",,APARTMENT 2,,1-3,CAPTAIN STREET LOWER,,,,WATERSIDE,COLERAINE,LONDONDERRY,BT51 3DT,,"187380586","187380599","7860",COLERAINE,"284328","432458",Y,UNDER CONSTRUCTION,PROVISIONAL,,04-Feb-11,04-Feb-11,,,,COLERAINE,647989.93266986,6111958.59301674
"249",,APARTMENT 1,,1-3,CAPTAIN STREET LOWER,,,,WATERSIDE,COLERAINE,LONDONDERRY,BT51 3DT,,"187380586","187380598","7860",COLERAINE,"284328","432458",Y,UNDER CONSTRUCTION,PROVISIONAL,,04-Feb-11,04-Feb-11,,,,COLERAINE,647989.93266986,6111958.59301674
"250",,,,1A,WATERSIDE STREET,,,,WATERSIDE,COLERAINE,LONDONDERRY,BT51 3DP,,"186117473","185770278","35792",COLERAINE,"284501","432470",N,BUILT,APPROVED,ND_OFFICE,,,,,,COLERAINE,648162.699265698,6111973.06530952
"251",,,,17A,WATERSIDE STREET,,,,WATERSIDE,COLERAINE,LONDONDERRY,BT51 3DP,,"186850443","185535692","35792",COLERAINE,"284450","432449",N,BUILT,APPROVED,ND_RETAIL,,,,,"3621675",COLERAINE,648112.018049696,6111951.34270154
"252",,,,"9",LISLEA COURT,,,,WATERSIDE,COLERAINE,LONDONDERRY,BT51 3HN,,"186850604","185536715","14325",COLERAINE,"284255","432657",N,BUILT,APPROVED,DO_APART,,,,,"3622820",COLERAINE,647914.109890477,6112156.47705812
"253",,,,"64",CAPTAIN STREET UPPER,,,,WATERSIDE,COLERAINE,LONDONDERRY,BT51 3LZ,,"186116283","185537589","7859",COLERAINE,"284108","432630",N,BUILT,APPROVED,DO_TERRACE,,,,,"3623649",COLERAINE,647767.548827782,6112127.38228067
"254",,,,"10",CAPTAIN STREET LOWER,,,,WATERSIDE,COLERAINE,LONDONDERRY,BT51 3DT,,"186117261","185844520","7860",COLERAINE,"284383","432425",N,BUILT,APPROVED,,,,,,,COLERAINE,648045.385482402,6111926.39212005
"255",,,,"12",HAZELBANK ROAD,,,,WATERSIDE,COLERAINE,LONDONDERRY,BT51 3DU,,"186116598","185535829","14836",COLERAINE,"284184","432402",N,BUILT,APPROVED,DO_TERRACE,,,,,"3621805",COLERAINE,647846.785654772,6111900.55156687
"256",,,,"13",OLD MODEL COURT,,,,WATERSIDE,COLERAINE,LONDONDERRY,BT51 3AR,,"186983064","185534968","610",COLERAINE,"284048","432705",N,BUILT,APPROVED,DO_APART,,,,,"3620937",COLERAINE,647706.496552863,6112201.4965826
"257",,,,1C,WATERSIDE STREET,,,,WATERSIDE,COLERAINE,LONDONDERRY,BT51 3DP,,"186922108","185770280","35792",COLERAINE,"284472","432432",Y,UNDER CONSTRUCTION,PROVISIONAL,ND_OFFICE,,,,,,COLERAINE,648134.253576879,6111934.66369409
"258",,,,"50",CAPTAIN STREET UPPER,,,,WATERSIDE,COLERAINE,LONDONDERRY,BT51 3LZ,,"186116361","185537581","7859",COLERAINE,"284125","432597",N,BUILT,APPROVED,DO_TERRACE,,,,,"3623641",COLERAINE,647785.015180325,6112094.63741665
"259",,,,"15",CAPTAIN STREET UPPER,,,,WATERSIDE,COLERAINE,LONDONDERRY,BT51 3LY,,"186116603","185537542","7859",COLERAINE,"284186","432543",N,BUILT,APPROVED,DO_TERRACE,,,,,"3623599",COLERAINE,647846.766468546,6112041.52992303
"260",COLERAINE HEALTH CLINIC,,COLERAINE HEALTH CENTRE,"7",CASTLEROCK ROAD,,,,WATERSIDE,COLERAINE,LONDONDERRY,BT51 3HP,,"186117291","185770198","7204",COLERAINE,"284400","432597",N,BUILT,APPROVED,ND_HEALTH,,,,,,COLERAINE,648059.917162747,6112098.5742104
"261",,,,41C,CAPTAIN STREET LOWER,,,,WATERSIDE,COLERAINE,LONDONDERRY,BT51 3DT,,"186922033","185770186","7860",COLERAINE,"284216","432477",N,BUILT,APPROVED,DO_APART,,,,,"51108830",COLERAINE,647877.700594194,6111975.98291858
"262",,,,5A,WATERSIDE STREET,,,,WATERSIDE,COLERAINE,LONDONDERRY,BT51 3DP,,"186922121","185770294","35792",COLERAINE,"284481","432453",N,BUILT,APPROVED,DO_APART,,,,,,COLERAINE,648142.949749012,6111955.78505448
"263",DEPARTMENT OF THE ENVIRONMENT,,COUNTY HALL COMPLEX,,CASTLEROCK ROAD,,,,WATERSIDE,COLERAINE,LONDONDERRY,BT51 3HS,,"187100847","187100848","7204",COLERAINE,"284245","432641",Y,UNDER CONSTRUCTION,PROVISIONAL,ND_OTHER,01-Oct-04,,,,,COLERAINE,647904.342506075,6112140.33960469
"264",,,,"38",CAPTAIN STREET UPPER,,,,WATERSIDE,COLERAINE,LONDONDERRY,BT51 3LZ,,"186116440","185537596","7859",COLERAINE,"284143","432564",N,BUILT,APPROVED,DO_TERRACE,,,,,"3623634",COLERAINE,647803.48117509,6112061.90686636
"265",,,,"10",LISLEA COURT,,,,WATERSIDE,COLERAINE,LONDONDERRY,BT51 3HN,,"186850608","185536729","14325",COLERAINE,"284232","432682",N,BUILT,APPROVED,DO_APART,,,,,"3622800",COLERAINE,647890.760196004,6112181.1388844
"266",,FLAT 27,HAZLETT COURT,,CASTLEROCK ROAD,,,,WATERSIDE,COLERAINE,LONDONDERRY,BT51 3HL,,"186850610","185770254","7204",COLERAINE,"284405","432480",N,BUILT,APPROVED,DO_APART,,,,,"3622786",COLERAINE,648066.590298934,6111981.68746615
"267",,FLAT 17,HAZLETT COURT,,CASTLEROCK ROAD,,,,WATERSIDE,COLERAINE,LONDONDERRY,BT51 3HL,,"186850610","185770244","7204",COLERAINE,"284405","432480",N,BUILT,APPROVED,DO_APART,,,,,"3622775",COLERAINE,648066.590298934,6111981.68746615
"268",,FLAT 2,HAZLETT COURT,,CASTLEROCK ROAD,,,,WATERSIDE,COLERAINE,LONDONDERRY,BT51 3HL,,"186850610","185770229","7204",COLERAINE,"284405","432480",N,BUILT,APPROVED,DO_APART,,,,,"3622778",COLERAINE,648066.590298934,6111981.68746615
"269",,,,"6",LISLEA COURT,,,,WATERSIDE,COLERAINE,LONDONDERRY,BT51 3HN,,"186850606","185536727","14325",COLERAINE,"284232","432682",N,BUILT,APPROVED,DO_APART,,,,,"3622817",COLERAINE,647890.760196004,6112181.1388844
"270",SEANS HAIRDRESSING & BARBERSHOP,,,"1",KILLOWEN STREET,,,,WATERSIDE,COLERAINE,LONDONDERRY,BT51 3DB,,"186117342","185535434","1635",COLERAINE,"284416","432407",N,BUILT,APPROVED,ND_RETAIL,,,,,"3621409",COLERAINE,648078.631403923,6111908.87093824
"271",,,,"10",RIVERVIEW AVENUE,,,,WATERSIDE,COLERAINE,LONDONDERRY,BT51 3JA,,"186116762","185536937","11042",COLERAINE,"284225","432765",N,BUILT,APPROVED,DO_DETACHED,,,,,"3622998",COLERAINE,647882.574479387,6112264.00908352
"272",,,,7A,HAZELBANK ROAD,,,,WATERSIDE,COLERAINE,LONDONDERRY,BT51 3DU,,"187263619","187263620","14836",COLERAINE,"284125","432428",N,BUILT,APPROVED,DO_TERRACE,20-Jun-07,29-Apr-10,,,"50620668",COLERAINE,647787.434494828,6111925.69769128
"273",,,,"14",HAZELBANK ROAD,,,,WATERSIDE,COLERAINE,LONDONDERRY,BT51 3DU,,"186116576","185535830","14836",COLERAINE,"284179","432398",N,BUILT,APPROVED,DO_TERRACE,,,,,"3621806",COLERAINE,647841.844698665,6111896.4814166
"274",CHEQUERS FAST FOOD,,,"11",WATERSIDE STREET,,,,WATERSIDE,COLERAINE,LONDONDERRY,BT51 3DP,,"186117419","185535688","35792",COLERAINE,"284466","432448",N,BUILT,APPROVED,ND_OTHER,,,,,,COLERAINE,648128.026667314,6111950.572104
"275",,,,"18",CAPTAIN STREET UPPER,,,,WATERSIDE,COLERAINE,LONDONDERRY,BT51 3LZ,,"186116575","185537564","7859",COLERAINE,"284178","432495",N,BUILT,APPROVED,DO_TERRACE,,,,,"3623621",COLERAINE,647839.456464198,6111993.43251431
"276",,,,"14",CAPTAIN STREET UPPER,,,,WATERSIDE,COLERAINE,LONDONDERRY,BT51 3LZ,,"186116589","185537562","7859",COLERAINE,"284182","432487",N,BUILT,APPROVED,DO_TERRACE,,,,,"3623619",COLERAINE,647843.569561531,6111985.49262862
"277",,,,"3",CARTHALL ROAD,,,,WATERSIDE,COLERAINE,LONDONDERRY,BT51 3LW,,"186115974","185537518","7526",COLERAINE,"284029","432683",N,BUILT,APPROVED,DO_TERRACE,,,,,"3623575",COLERAINE,647687.81827822,6112179.23243305
"278",,,,"7",CARTHALL TERRACE,,CARTHALL ROAD,,WATERSIDE,COLERAINE,LONDONDERRY,BT51 3EL,,"186116048","185536108","38160",COLERAINE,"284050","432689",N,BUILT,APPROVED,DO_TERRACE,,,,,"3622084",COLERAINE,647708.724891374,6112185.5309227
"279",,,,"3",HAZELBANK ROAD,,,,WATERSIDE,COLERAINE,LONDONDERRY,BT51 3DU,,"186116417","185535839","14836",COLERAINE,"284138","432419",N,BUILT,APPROVED,DO_TERRACE,,,,,"3621815",COLERAINE,647800.558696763,6111916.88700035
"280",,,,"26",CAPTAIN STREET UPPER,,,,WATERSIDE,COLERAINE,LONDONDERRY,BT51 3LZ,,"186116494","185537569","7859",COLERAINE,"284156","432537",N,BUILT,APPROVED,DO_TERRACE,,,,,"3623628",COLERAINE,647816.863058635,6112035.102597
"281",,,,"6",HAZELBANK ROAD,,,,WATERSIDE,COLERAINE,LONDONDERRY,BT51 3DU,,"186116679","185535842","14836",COLERAINE,"284202","432415",N,BUILT,APPROVED,DO_TERRACE,,,,,"3621818",COLERAINE,647864.593138305,6111913.80460749
"282",,,,"58",CAPTAIN STREET UPPER,,,,WATERSIDE,COLERAINE,LONDONDERRY,BT51 3LZ,,"186116322","185537585","7859",COLERAINE,"284116","432616",N,BUILT,APPROVED,DO_TERRACE,,,,,"3623645",COLERAINE,647775.746393454,6112113.50179938
"283",,,,"32",CAPTAIN STREET LOWER,,,,WATERSIDE,COLERAINE,LONDONDERRY,BT51 3DT,,"186116964","185535800","7860",COLERAINE,"284270","432435",N,BUILT,APPROVED,DO_TERRACE,,,,,,COLERAINE,647932.282592447,6111934.77092132
"284",MULLANS NEWSAGENT,,,"6",CAPTAIN STREET LOWER,,,,WATERSIDE,COLERAINE,LONDONDERRY,BT51 3DT,,"186117284","185535815","7860",COLERAINE,"284397","432421",N,BUILT,APPROVED,ND_RETAIL,,,,,,COLERAINE,648059.437756788,6111922.5939599
"285",RAFFERTY & BOYLE SOLICITORS,,,"3",CASTLEROCK ROAD,,,,WATERSIDE,COLERAINE,LONDONDERRY,BT51 3HP,,"186117345","185536748","7204",COLERAINE,"284418","432464",N,BUILT,APPROVED,ND_OFFICE,,,,,"3622824",COLERAINE,648079.814715379,6111965.879266
"286",,,,"7",OLD MODEL COURT,,,,WATERSIDE,COLERAINE,LONDONDERRY,BT51 3AR,,"186983056","185534962","610",COLERAINE,"284046","432751",N,BUILT,APPROVED,DO_APART,,,,,"3620950",COLERAINE,647703.838739549,6112247.45153854
"287",,,,"22",OLD MODEL COURT,,,,WATERSIDE,COLERAINE,LONDONDERRY,BT51 3AR,,"186850374","185534975","610",COLERAINE,"284058","432730",Y,UNDER CONSTRUCTION,PROVISIONAL,DO_APART,,,,,"3620945",COLERAINE,647716.13509059,6112226.63082091
"288",,,,11A,CASTLEROCK ROAD,,,,WATERSIDE,COLERAINE,LONDONDERRY,BT51 3HP,,"186116754","185536753","7204",COLERAINE,"284224","432723",N,BUILT,APPROVED,DO_DETACHED,,,,,"3622828",COLERAINE,647882.176101145,6112222.00974137
"289",,,,"9",OLD MODEL COURT,,,,WATERSIDE,COLERAINE,LONDONDERRY,BT51 3AR,,"186983062","185534964","610",COLERAINE,"284047","432740",N,BUILT,APPROVED,DO_APART,,,,,"3620952",COLERAINE,647704.995856888,6112236.46977911
"290",,,,"20",CAPTAIN STREET LOWER,,,,WATERSIDE,COLERAINE,LONDONDERRY,BT51 3DT,,"186117044","185535789","7860",COLERAINE,"284303","432434",N,BUILT,APPROVED,DO_TERRACE,,,,,,COLERAINE,647965.285147334,6111934.24368464
"291",,FLAT 7,BREEZEMOUNT HOUSE,"26",CASTLEROCK ROAD,,,,WATERSIDE,COLERAINE,LONDONDERRY,BT51 3HP,,"186116336","185978746","7204",COLERAINE,"284120","432689",N,BUILT,APPROVED,DO_OTHER,,,,,,COLERAINE,647778.699921553,6112186.53302479
"292",,"3",,11C,WATERSIDE STREET,,,,WATERSIDE,COLERAINE,LONDONDERRY,BT51 3DP,,"187055803","185986605","35792",COLERAINE,"284472","432432",Y,UNDER CONSTRUCTION,PROVISIONAL,ND_OFFICE,,,,,,COLERAINE,648134.253576879,6111934.66369409
"293",,,,"19",OLD MODEL COURT,,,,WATERSIDE,COLERAINE,LONDONDERRY,BT51 3AR,,"186983071","185534973","610",COLERAINE,"284069","432707",N,BUILT,APPROVED,DO_APART,,,,,"3620942",COLERAINE,647727.460429485,6112203.7965002
"294",,,,"3",OLD MODEL COURT,,,,WATERSIDE,COLERAINE,LONDONDERRY,BT51 3AR,,"186116156","185534958","610",COLERAINE,"284078","432738",N,BUILT,APPROVED,DO_TERRACE,,,,,"3620946",COLERAINE,647736.013429259,6112234.91428309
"295",,APARTMENT 10,,1-3,CAPTAIN STREET LOWER,,,,WATERSIDE,COLERAINE,LONDONDERRY,BT51 3DT,,"187380586","187380607","7860",COLERAINE,"284328","432458",Y,UNDER CONSTRUCTION,PROVISIONAL,,04-Feb-11,04-Feb-11,,,,COLERAINE,647989.93266986,6111958.59301674
"296",,APARTMENT 6,,1-3,CAPTAIN STREET LOWER,,,,WATERSIDE,COLERAINE,LONDONDERRY,BT51 3DT,,"187380586","187380603","7860",COLERAINE,"284328","432458",Y,UNDER CONSTRUCTION,PROVISIONAL,,04-Feb-11,04-Feb-11,,,,COLERAINE,647989.93266986,6111958.59301674
"297",,,,"42",CAPTAIN STREET UPPER,,,,WATERSIDE,COLERAINE,LONDONDERRY,BT51 3LZ,,"186116419","185537577","7859",COLERAINE,"284138","432574",N,BUILT,APPROVED,DO_TERRACE,,,,,"3623637",COLERAINE,647798.339802572,6112071.83172221
"298",,,,"37",CAPTAIN STREET UPPER,,,,WATERSIDE,COLERAINE,LONDONDERRY,BT51 3LY,,"186116428","185537554","7859",COLERAINE,"284140","432641",N,BUILT,APPROVED,DO_DETACHED,,,,,"3623611",COLERAINE,647799.379942796,6112138.83645859
"299",,,CUILBALLA,24F,CASTLEROCK ROAD,,,,WATERSIDE,COLERAINE,LONDONDERRY,BT51 3HP,,"186116285","185770207","7204",COLERAINE,"284108","432727",N,BUILT,APPROVED,DO_DETACHED,,,,,,COLERAINE,647766.160202115,6112224.3476814
"300",,,,"3",HAZELBANK TERRACE,,,,WATERSIDE,COLERAINE,LONDONDERRY,BT51 3DW,,"186116527","185535847","14835",COLERAINE,"284164","432429",N,BUILT,APPROVED,DO_TERRACE,,,,,"3621823",COLERAINE,647826.406272111,6111927.25563299
"301",,,,"8",LISLEA COURT,,,,WATERSIDE,COLERAINE,LONDONDERRY,BT51 3HN,,"186850607","185536728","14325",COLERAINE,"284232","432682",N,BUILT,APPROVED,DO_APART,,,,,"3622819",COLERAINE,647890.760196004,6112181.1388844
"302",,,,"34",CAPTAIN STREET UPPER,,,,WATERSIDE,COLERAINE,LONDONDERRY,BT51 3LZ,,"186116450","185537573","7859",COLERAINE,"284148","432555",N,BUILT,APPROVED,DO_TERRACE,,,,,"3623632",COLERAINE,647808.60823196,6112052.98165373
"303",,,,"6",OLD MODEL COURT,,,,WATERSIDE,COLERAINE,LONDONDERRY,BT51 3AR,,"186983059","185534961","610",COLERAINE,"284046","432761",N,BUILT,APPROVED,DO_APART,,,,,"3620949",COLERAINE,647703.695581099,6112257.44797058
"304",J D WETHERSPOON PLC,,THE OLD COURTHOUSE,,CASTLEROCK ROAD,,,,WATERSIDE,COLERAINE,LONDONDERRY,BT51 3HP,,"186922014","185770162","7204",COLERAINE,"284368","432459",N,BUILT,APPROVED,ND_HOSPITALITY,,,,,,COLERAINE,648029.904103111,6111960.16527658
"305",,,,8A,WATERSIDE STREET,,,,WATERSIDE,COLERAINE,LONDONDERRY,BT51 3DP,,"186922126","185770299","35792",COLERAINE,"284472","432417",N,BUILT,APPROVED,DO_APART,,,,,"3621653",COLERAINE,648134.468307261,6111919.66903568
"306",,,,"2",CAPTAIN STREET UPPER,,,,WATERSIDE,COLERAINE,LONDONDERRY,BT51 3LZ,,"186116662","185537565","7859",COLERAINE,"284197","432454",N,BUILT,APPROVED,DO_TERRACE,,,,,,COLERAINE,647859.036622065,6111952.71912595
"307",,,,"37",CAPTAIN STREET LOWER,,,,WATERSIDE,COLERAINE,LONDONDERRY,BT51 3DT,,"186116770","185535805","7860",COLERAINE,"284227","432467",N,BUILT,APPROVED,DO_TERRACE,,,,,"3621791",COLERAINE,647888.839827032,6111966.14395316
"308",,,,"60",CAPTAIN STREET UPPER,,,,WATERSIDE,COLERAINE,LONDONDERRY,BT51 3LZ,,"186116308","185537587","7859",COLERAINE,"284113","432620",N,BUILT,APPROVED,DO_TERRACE,,,,,"3623647",COLERAINE,647772.690200897,6112117.45742576
"309",,,,"4",CARTHALL ROAD,,,,WATERSIDE,COLERAINE,LONDONDERRY,BT51 3LR,,"186116138","185537465","7526",COLERAINE,"284075","432653",N,BUILT,APPROVED,DO_TERRACE,,,,,"3623524",COLERAINE,647734.231338419,6112149.90165907
"310",,,,"31",CAPTAIN STREET LOWER,,,,WATERSIDE,COLERAINE,LONDONDERRY,BT51 3DT,,"186116839","185535799","7860",COLERAINE,"284243","432466",N,BUILT,APPROVED,DO_TERRACE,,,,,"3621785",COLERAINE,647904.848439066,6111965.37335616
"311",,,,1F,WATERSIDE STREET,,,,WATERSIDE,COLERAINE,LONDONDERRY,BT51 3DP,,"186922111","185770283","35792",COLERAINE,"284472","432432",Y,UNDER CONSTRUCTION,PROVISIONAL,ND_OFFICE,,,,,,COLERAINE,648134.253576879,6111934.66369409
"312",NOVUS STYLES LTD,,,9A,WATERSIDE STREET,,,,WATERSIDE,COLERAINE,LONDONDERRY,BT51 3DP,,"186922130","185770303","35792",COLERAINE,"284469","432468",N,BUILT,APPROVED,ND_INDUSTRY,,,,,,COLERAINE,648130.739290808,6111970.60792793
"313",,,,6A,WATERSIDE STREET,,,,WATERSIDE,COLERAINE,LONDONDERRY,BT51 3DP,,"186922123","185770296","35792",COLERAINE,"284479","432415",N,BUILT,APPROVED,DO_TERRACE,,,,,"3621680",COLERAINE,648141.494445383,6111917.76995531
"314",,,,1B,WATERSIDE STREET,,,,WATERSIDE,COLERAINE,LONDONDERRY,BT51 3DP,,"186117469","185770279","35792",COLERAINE,"284499","432476",N,BUILT,APPROVED,ND_OFFICE,,,,,,COLERAINE,648160.614085172,6111979.03454225
"315",,,,2A,WATERSIDE STREET,,,,WATERSIDE,COLERAINE,LONDONDERRY,BT51 3DP,,"186922113","185770285","35792",COLERAINE,"284491","432414",N,BUILT,APPROVED,DO_APART,,,,,"3621677",COLERAINE,648153.504487931,6111916.94209553
"316",,,,"23",CAPTAIN STREET UPPER,,,,WATERSIDE,COLERAINE,LONDONDERRY,BT51 3LY,,"186116570","185537546","7859",COLERAINE,"284177","432567",N,BUILT,APPROVED,DO_TERRACE,,,,,"3623603",COLERAINE,647837.42610452,6112065.39252548
"317",,,,"10",CASTLEROCK ROAD,,,,WATERSIDE,COLERAINE,LONDONDERRY,BT51 3HP,,"186116975","185536734","7204",COLERAINE,"284273","432557",N,BUILT,APPROVED,DO_SEMI,,,,,"3622826",COLERAINE,647933.535037652,6112056.7703839
"318",,,,"56",CAPTAIN STREET UPPER,,,,WATERSIDE,COLERAINE,LONDONDERRY,BT51 3LZ,,"186116328","185537584","7859",COLERAINE,"284118","432611",N,BUILT,APPROVED,DO_TERRACE,,,,,"3623644",COLERAINE,647777.81725828,6112108.53221401
"319",,,,"44",CAPTAIN STREET LOWER,,,,WATERSIDE,COLERAINE,LONDONDERRY,BT51 3DT,,"186116769","185535812","7860",COLERAINE,"284227","432438",N,BUILT,APPROVED,DO_TERRACE,,,,,"3621797",COLERAINE,647889.254973176,6111937.15429139
"320",,,,"3",CARTHALL TERRACE,,CARTHALL ROAD,,WATERSIDE,COLERAINE,LONDONDERRY,BT51 3EL,,"186116130","185536104","38160",COLERAINE,"284071","432688",N,BUILT,APPROVED,DO_TERRACE,,,,,"3622080",COLERAINE,647729.731715365,6112184.83191004
"321",,,,"66",CAPTAIN STREET UPPER,,,,WATERSIDE,COLERAINE,LONDONDERRY,BT51 3LZ,,"186116257","185537590","7859",COLERAINE,"284102","432641",N,BUILT,APPROVED,DO_TERRACE,,,,,"3623650",COLERAINE,647761.393495568,6112138.29246305
"322",DAYFRESH,,,"2",CAPTAIN STREET LOWER,,,,WATERSIDE,COLERAINE,LONDONDERRY,BT51 3DT,,"186117308","185535788","7860",COLERAINE,"284406","432423",N,BUILT,APPROVED,ND_RETAIL,,,,,,COLERAINE,648068.405920313,6111924.72208562
"323",THE FAB KEBAB TAKE AWAY,,,"15",WATERSIDE STREET,,,,WATERSIDE,COLERAINE,LONDONDERRY,BT51 3DP,,"186117404","185535675","35792",COLERAINE,"284455","432448",N,BUILT,APPROVED,DO_TERRACE,,,,,"3621654",COLERAINE,648117.030584492,6111950.41463465
"324",,,,"1",WATERSIDE STREET,,,,WATERSIDE,COLERAINE,LONDONDERRY,BT51 3DP,,"186117472","185535671","35792",COLERAINE,"284501","432443",N,BUILT,APPROVED,DO_APART,,,,,,COLERAINE,648163.085781792,6111946.07492322
"325",,,,"5",CAPTAIN STREET LOWER,,,,WATERSIDE,COLERAINE,LONDONDERRY,BT51 3DT,,"186117089","185535814","7860",COLERAINE,"284311","432458",N,BUILT,APPROVED,DO_TERRACE,,,,,,COLERAINE,647972.938727439,6111958.34965492
"326",ROADS SERVICE,,COUNTY HALL,,CASTLEROCK ROAD,,,,WATERSIDE,COLERAINE,LONDONDERRY,BT51 3HS,,"186117372","185536857","7204",COLERAINE,"284438","432764",N,BUILT,APPROVED,ND_OTHER,,,,,"3622917",COLERAINE,648095.512896504,6112266.05872242
"327",WEST BANN DEVELOPMENT GROUP,,,"18",WATERSIDE STREET,,,,WATERSIDE,COLERAINE,LONDONDERRY,BT51 3DP,,"186117374","185770317","35792",COLERAINE,"284441","432420",N,BUILT,APPROVED,ND_RETAIL,,,,,,COLERAINE,648103.436400661,6111922.22419147
"328",,,,,CASTLE LANE,,,,WATERSIDE,COLERAINE,LONDONDERRY,BT51 3DR,,"186117382","185844542","7114",COLERAINE,"284443","432475",N,BUILT,APPROVED,,,,,,"50900085",COLERAINE,648104.648341804,6111977.23323376
"329",,,,"62",CAPTAIN STREET UPPER,,,,WATERSIDE,COLERAINE,LONDONDERRY,BT51 3LZ,,"186116298","185537588","7859",COLERAINE,"284111","432625",N,BUILT,APPROVED,DO_TERRACE,,,,,"3623648",COLERAINE,647770.61933602,6112122.42701106
"330",,,,7C,HAZELBANK ROAD,,,,WATERSIDE,COLERAINE,LONDONDERRY,BT51 3DU,,"187263623","187263624","14836",COLERAINE,"284114","432432",N,BUILT,APPROVED,DO_TERRACE,20-Jun-07,29-Apr-10,,,"50620671",COLERAINE,647776.381156487,6111929.53879589
"331",,,,"38",CAPTAIN STREET LOWER,,,,WATERSIDE,COLERAINE,LONDONDERRY,BT51 3DT,,"186116856","185535806","7860",COLERAINE,"284248","432437",N,BUILT,APPROVED,DO_TERRACE,,,,,"3621792",COLERAINE,647910.261802988,6111936.45527048
"332",,,,"2",OLD MODEL COURT,,,,WATERSIDE,COLERAINE,LONDONDERRY,BT51 3AR,,"186116153","185534957","610",COLERAINE,"284077","432744",N,BUILT,APPROVED,DO_TERRACE,,,,,"3620943",COLERAINE,647734.927891043,6112240.89782679
"333",,,,"40",CAPTAIN STREET LOWER,,,,WATERSIDE,COLERAINE,LONDONDERRY,BT51 3DT,,"186116821","185535809","7860",COLERAINE,"284239","432439",N,BUILT,APPROVED,DO_TERRACE,,,,,"3621794",COLERAINE,647901.236380271,6111938.32571928
"334",,,,"4",CAPTAIN STREET LOWER,,,,WATERSIDE,COLERAINE,LONDONDERRY,BT51 3DT,,"186117295","185535808","7860",COLERAINE,"284402","432423",N,BUILT,APPROVED,ND_RETAIL,,,,,"3621761",COLERAINE,648064.407345087,6111924.66482421
"335",WATERSIDE DENTAL SURGERY,,,"7",WATERSIDE,,,,WATERSIDE,COLERAINE,LONDONDERRY,BT51 3DP,,"187068473","186000291","15475",COLERAINE,"284472","432432",Y,NONE,REJECTED,ND_OTHER,,,,,"3621666",COLERAINE,648134.253576879,6111934.66369409
"336",,,,"21",OLD MODEL COURT,,,,WATERSIDE,COLERAINE,LONDONDERRY,BT51 3AR,,"186983078","185534974","610",COLERAINE,"284077","432706",N,BUILT,APPROVED,DO_APART,,,,,"3620944",COLERAINE,647735.4718914,6112202.91138311
"337",,FLAT 3,HAZLETT COURT,,CASTLEROCK ROAD,,,,WATERSIDE,COLERAINE,LONDONDERRY,BT51 3HL,,"186850610","185770230","7204",COLERAINE,"284405","432480",N,BUILT,APPROVED,DO_APART,,,,,"3622789",COLERAINE,648066.590298934,6111981.68746615
"338",,FLAT 18,HAZLETT COURT,,CASTLEROCK ROAD,,,,WATERSIDE,COLERAINE,LONDONDERRY,BT51 3HL,,"186850610","185770245","7204",COLERAINE,"284405","432480",N,BUILT,APPROVED,DO_APART,,,,,"3622776",COLERAINE,648066.590298934,6111981.68746615
"339",,FLAT 14,HAZLETT COURT,,CASTLEROCK ROAD,,,,WATERSIDE,COLERAINE,LONDONDERRY,BT51 3HL,,"186850610","185770241","7204",COLERAINE,"284405","432480",N,BUILT,APPROVED,DO_APART,,,,,"3622772",COLERAINE,648066.590298934,6111981.68746615
"340",,FLAT 11,HAZLETT COURT,,CASTLEROCK ROAD,,,,WATERSIDE,COLERAINE,LONDONDERRY,BT51 3HL,,"186850610","185770238","7204",COLERAINE,"284405","432480",N,BUILT,APPROVED,DO_APART,,,,,"3622770",COLERAINE,648066.590298934,6111981.68746615
"341",,FLAT 1,HAZLETT COURT,,CASTLEROCK ROAD,,,,WATERSIDE,COLERAINE,LONDONDERRY,BT51 3HL,,"186850610","185770228","7204",COLERAINE,"284405","432480",N,BUILT,APPROVED,DO_TERRACE,,,,,"3622768",COLERAINE,648066.590298934,6111981.68746615
"342",,,,"4",LISLEA COURT,,,,WATERSIDE,COLERAINE,LONDONDERRY,BT51 3HN,,"186850605","185536726","14325",COLERAINE,"284232","432682",N,BUILT,APPROVED,DO_APART,,,,,"3622815",COLERAINE,647890.760196004,6112181.1388844
"343",,,,2 & 4,CASTLEROCK ROAD,,,,WATERSIDE,COLERAINE,LONDONDERRY,BT51 3GZ,,"187153691","187153692","7204",COLERAINE,"284314","432521",N,BUILT,APPROVED,,03-Nov-05,,,,,COLERAINE,647975.035785162,6112021.37015059
"344",,FLAT 9,BREEZEMOUNT HOUSE,"26",CASTLEROCK ROAD,,,,WATERSIDE,COLERAINE,LONDONDERRY,BT51 3HP,,"186116336","185978747","7204",COLERAINE,"284120","432689",N,BUILT,APPROVED,DO_APART,,,,,"50985670",COLERAINE,647778.699921553,6112186.53302479
"345",,FLAT 17,BREEZEMOUNT HOUSE,"26",CASTLEROCK ROAD,,,,WATERSIDE,COLERAINE,LONDONDERRY,BT51 3HP,,"186116336","185978745","7204",COLERAINE,"284120","432689",N,BUILT,APPROVED,DO_OTHER,,,,,,COLERAINE,647778.699921553,6112186.53302479
"346",,FLAT 10,BREEZEMOUNT HOUSE,"26",CASTLEROCK ROAD,,,,WATERSIDE,COLERAINE,LONDONDERRY,BT51 3HP,,"186116336","185536866","7204",COLERAINE,"284120","432689",N,BUILT,APPROVED,DO_APART,,,,,,COLERAINE,647778.699921553,6112186.53302479
"347",,FLAT 2,BREEZEMOUNT HOUSE,"26",CASTLEROCK ROAD,,,,WATERSIDE,COLERAINE,LONDONDERRY,BT51 3HP,,"186116336","185536859","7204",COLERAINE,"284120","432689",N,BUILT,APPROVED,DO_APART,,,,,"3622919",COLERAINE,647778.699921553,6112186.53302479
"348",,,,"2",LISLEA COURT,,,,WATERSIDE,COLERAINE,LONDONDERRY,BT51 3HN,,"186983114","185536725","14325",COLERAINE,"284232","432682",N,BUILT,APPROVED,DO_APART,,,,,"3622809",COLERAINE,647890.760196004,6112181.1388844
"349",,,,"4",CARTHALL TERRACE,,CARTHALL ROAD,,WATERSIDE,COLERAINE,LONDONDERRY,BT51 3EL,,"186116107","185536105","38160",COLERAINE,"284065","432690",N,BUILT,APPROVED,DO_TERRACE,,,,,"3622081",COLERAINE,647723.705224311,6112186.74530207
"350",,,,,,,,,,,,,,,,,,,,N,,,,,,,,,,,
